data,ano,mes,dia_semana,volume,faturamento_total,distancia_media
2021-12-31,2021,12,Friday,26,330.0,3.51
2022-01-01,2022,1,Saturday,63284,921575.09,6.98
2022-01-02,2022,1,Sunday,58616,931369.06,7.56
2022-01-03,2022,1,Monday,73038,1040891.95,9.92
2022-01-04,2022,1,Tuesday,75262,1012652.74,5.67
2022-01-05,2022,1,Wednesday,75372,982397.04,8.44
2022-01-06,2022,1,Thursday,80747,1006373.45,6.56
2022-01-07,2022,1,Friday,72192,1273519.86,5.13
2022-01-08,2022,1,Saturday,83755,1048417.0,3.68
2022-01-09,2022,1,Sunday,64246,877218.3,5.89
2022-01-10,2022,1,Monday,74324,936592.71,7.07
2022-01-11,2022,1,Tuesday,78438,940089.81,8.93
2022-01-12,2022,1,Wednesday,81075,984879.69,4.57
2022-01-13,2022,1,Thursday,85752,1065881.4,5.17
2022-01-14,2022,1,Friday,94651,1193079.47,7.15
2022-01-15,2022,1,Saturday,89221,1085232.16,9.43
2022-01-16,2022,1,Sunday,73065,941261.12,12.98
2022-01-17,2022,1,Monday,63877,885321.91,5.9
2022-01-18,2022,1,Tuesday,85415,1086412.99,6.38
2022-01-19,2022,1,Wednesday,87413,1066402.22,5.54
2022-01-20,2022,1,Thursday,91622,1105409.26,11.04
2022-01-21,2022,1,Friday,101899,1226819.67,6.37
2022-01-22,2022,1,Saturday,96938,1159699.4,4.6
2022-01-23,2022,1,Sunday,77177,1026456.19,4.63
2022-01-24,2022,1,Monday,79366,997189.25,5.98
2022-01-25,2022,1,Tuesday,88104,1066985.04,2.83
2022-01-26,2022,1,Wednesday,97436,1167503.22,5.11
2022-01-27,2022,1,Thursday,100719,1284795.28,7.14
2022-01-28,2022,1,Friday,96624,1272600.75,10.19
2022-01-29,2022,1,Saturday,34086,387621.4,20.42
2022-01-30,2022,1,Sunday,71298,974041.72,11.73
2022-01-31,2022,1,Monday,86565,1190680.04,11.24
2022-02-01,2022,2,Tuesday,93227,1237545.41,9.0
2022-02-02,2022,2,Wednesday,93510,1261948.52,9.67
2022-02-03,2022,2,Thursday,105467,1367698.24,6.34
2022-02-04,2022,2,Friday,111299,1340087.17,11.36
2022-02-05,2022,2,Saturday,117840,1433939.25,10.59
2022-02-06,2022,2,Sunday,88335,1185053.88,9.68
2022-02-07,2022,2,Monday,89604,1192883.1,6.66
2022-02-08,2022,2,Tuesday,103453,1292734.19,7.7
2022-02-09,2022,2,Wednesday,106819,1332524.46,5.75
2022-02-10,2022,2,Thursday,113520,1467058.51,4.23
2022-02-11,2022,2,Friday,118495,1574037.3,5.24
2022-02-12,2022,2,Saturday,120370,1553535.19,6.4
2022-02-13,2022,2,Sunday,93207,1229117.11,5.07
2022-02-14,2022,2,Monday,111392,1435745.59,10.18
2022-02-15,2022,2,Tuesday,111147,1432613.42,9.94
2022-02-16,2022,2,Wednesday,111031,1417844.77,8.27
2022-02-17,2022,2,Thursday,114148,1500024.35,9.73
2022-02-18,2022,2,Friday,117233,1616124.8,9.97
2022-02-19,2022,2,Saturday,114837,1470224.35,7.49
2022-02-20,2022,2,Sunday,95552,1305307.11,8.86
2022-02-21,2022,2,Monday,86226,1255905.92,6.06
2022-02-22,2022,2,Tuesday,102102,1371581.41,9.86
2022-02-23,2022,2,Wednesday,113041,1499778.17,6.82
2022-02-24,2022,2,Thursday,120614,1602352.64,8.03
2022-02-25,2022,2,Friday,118916,1551416.89,7.3
2022-02-26,2022,2,Saturday,123623,1622252.7,7.46
2022-02-27,2022,2,Sunday,100408,1447134.69,11.35
2022-02-28,2022,2,Monday,102937,1433101.02,5.83
2022-03-01,2022,3,Tuesday,114661,1553632.94,4.62
2022-03-02,2022,3,Wednesday,120494,1615451.74,6.93
2022-03-03,2022,3,Thursday,129944,1743896.22,4.74
2022-03-04,2022,3,Friday,129063,1749208.87,11.72
2022-03-05,2022,3,Saturday,120752,1576315.68,4.03
2022-03-06,2022,3,Sunday,95954,1397663.66,11.18
2022-03-07,2022,3,Monday,100267,1401290.52,11.05
2022-03-08,2022,3,Tuesday,117884,1591348.41,6.43
2022-03-09,2022,3,Wednesday,120820,1645744.84,11.49
2022-03-10,2022,3,Thursday,125611,1797488.05,5.36
2022-03-11,2022,3,Friday,130097,1838449.28,8.68
2022-03-12,2022,3,Saturday,121971,1543708.44,7.96
2022-03-13,2022,3,Sunday,100346,1448551.53,5.85
2022-03-14,2022,3,Monday,99106,1441641.47,9.7
2022-03-15,2022,3,Tuesday,112927,1577740.76,8.26
2022-03-16,2022,3,Wednesday,120115,1685010.75,6.08
2022-03-17,2022,3,Thursday,117161,1695398.28,6.28
2022-03-18,2022,3,Friday,128582,1877066.44,6.22
2022-03-19,2022,3,Saturday,120954,1664609.37,8.05
2022-03-20,2022,3,Sunday,100283,1579714.08,6.58
2022-03-21,2022,3,Monday,100795,1477429.43,8.14
2022-03-22,2022,3,Tuesday,113779,1570578.25,5.84
2022-03-23,2022,3,Wednesday,122747,1663549.49,5.04
2022-03-24,2022,3,Thursday,125034,1724985.09,5.63
2022-03-25,2022,3,Friday,124668,1773955.32,8.47
2022-03-26,2022,3,Saturday,127705,1709202.67,8.01
2022-03-27,2022,3,Sunday,107384,1571112.97,6.66
2022-03-28,2022,3,Monday,112818,1581646.79,5.86
2022-03-29,2022,3,Tuesday,124592,1696626.6,5.26
2022-03-30,2022,3,Wednesday,126953,1733135.12,7.64
2022-03-31,2022,3,Thursday,129095,1838012.63,5.7
2022-04-01,2022,4,Friday,136124,1939405.06,5.31
2022-04-02,2022,4,Saturday,128365,1767657.21,6.63
2022-04-03,2022,4,Sunday,104419,1548754.15,7.63
2022-04-04,2022,4,Monday,110121,1582487.88,5.0
2022-04-05,2022,4,Tuesday,122577,1709983.54,6.4
2022-04-06,2022,4,Wednesday,125182,1768170.65,9.3
2022-04-07,2022,4,Thursday,129867,1841378.74,6.19
2022-04-08,2022,4,Friday,131124,1918645.9,4.88
2022-04-09,2022,4,Saturday,128938,1802480.65,9.33
2022-04-10,2022,4,Sunday,110023,1634046.96,7.45
2022-04-11,2022,4,Monday,107811,1578593.4,9.05
2022-04-12,2022,4,Tuesday,118729,1879503.05,8.59
2022-04-13,2022,4,Wednesday,122890,1820751.49,10.73
2022-04-14,2022,4,Thursday,128649,1875399.5,5.31
2022-04-15,2022,4,Friday,122171,1745707.19,7.29
2022-04-16,2022,4,Saturday,115701,1562775.66,8.65
2022-04-17,2022,4,Sunday,96612,1414929.96,8.89
2022-04-18,2022,4,Monday,103751,1502043.23,9.23
2022-04-19,2022,4,Tuesday,119182,1677967.86,4.84
2022-04-20,2022,4,Wednesday,122163,1750629.03,5.52
2022-04-21,2022,4,Thursday,128008,1818625.77,4.86
2022-04-22,2022,4,Friday,128626,1821173.34,8.94
2022-04-23,2022,4,Saturday,125101,1801646.6,6.18
2022-04-24,2022,4,Sunday,104192,1625704.32,8.61
2022-04-25,2022,4,Monday,107008,1575198.09,5.7
2022-04-26,2022,4,Tuesday,120653,1723943.59,8.81
2022-04-27,2022,4,Wednesday,128307,1855814.64,9.24
2022-04-28,2022,4,Thursday,129698,1932821.4,9.06
2022-04-29,2022,4,Friday,129445,1902607.0,10.18
2022-04-30,2022,4,Saturday,128317,1839754.95,6.7
2022-05-01,2022,5,Sunday,100341,1617294.74,6.85
2022-05-02,2022,5,Monday,95477,1439647.56,8.33
2022-05-03,2022,5,Tuesday,120924,1750024.3,6.23
2022-05-04,2022,5,Wednesday,125869,1791738.31,6.79
2022-05-05,2022,5,Thursday,132219,1942179.82,9.32
2022-05-06,2022,5,Friday,128542,1905907.89,7.85
2022-05-07,2022,5,Saturday,118555,1618321.62,7.79
2022-05-08,2022,5,Sunday,103647,1569481.45,7.45
2022-05-09,2022,5,Monday,108019,1608017.58,9.4
2022-05-10,2022,5,Tuesday,121441,1755502.52,8.18
2022-05-11,2022,5,Wednesday,127809,1846130.58,7.85
2022-05-12,2022,5,Thursday,133438,1974207.93,8.34
2022-05-13,2022,5,Friday,130299,1972659.13,8.01
2022-05-14,2022,5,Saturday,126022,1853460.97,10.55
2022-05-15,2022,5,Sunday,106717,1716516.82,8.6
2022-05-16,2022,5,Monday,114127,1728793.45,12.47
2022-05-17,2022,5,Tuesday,123374,1964416.58,13.71
2022-05-18,2022,5,Wednesday,126066,1991719.05,6.77
2022-05-19,2022,5,Thursday,129228,2054682.37,18.54
2022-05-20,2022,5,Friday,124318,1956919.2,10.82
2022-05-21,2022,5,Saturday,124272,1929796.89,7.88
2022-05-22,2022,5,Sunday,101480,1682964.23,10.27
2022-05-23,2022,5,Monday,110651,1730524.14,13.31
2022-05-24,2022,5,Tuesday,120854,1809680.67,10.53
2022-05-25,2022,5,Wednesday,122374,1871384.67,14.29
2022-05-26,2022,5,Thursday,121803,1863757.0,8.09
2022-05-27,2022,5,Friday,110631,1680882.79,5.7
2022-05-28,2022,5,Saturday,98758,1454654.53,9.82
2022-05-29,2022,5,Sunday,91679,1427401.01,7.63
2022-05-30,2022,5,Monday,83228,1340533.76,6.9
2022-05-31,2022,5,Tuesday,113597,1698875.47,8.92
2022-06-01,2022,6,Wednesday,122163,1791511.7,8.87
2022-06-02,2022,6,Thursday,125600,1882522.87,4.51
2022-06-03,2022,6,Friday,124481,1878890.57,10.05
2022-06-04,2022,6,Saturday,121935,1745742.63,7.12
2022-06-05,2022,6,Sunday,101747,1639687.85,10.14
2022-06-06,2022,6,Monday,112221,1686135.16,7.6
2022-06-07,2022,6,Tuesday,127554,1868362.52,9.07
2022-06-08,2022,6,Wednesday,129444,1925809.96,7.75
2022-06-09,2022,6,Thursday,132952,2032019.21,9.93
2022-06-10,2022,6,Friday,128842,1985412.65,7.82
2022-06-11,2022,6,Saturday,121375,2195153.7,7.83
2022-06-12,2022,6,Sunday,98895,1607340.85,11.13
2022-06-13,2022,6,Monday,118512,1785617.98,8.18
2022-06-14,2022,6,Tuesday,125242,1880738.63,7.3
2022-06-15,2022,6,Wednesday,130584,1989066.14,6.08
2022-06-16,2022,6,Thursday,129288,1946355.07,7.6
2022-06-17,2022,6,Friday,125430,1949913.86,11.48
2022-06-18,2022,6,Saturday,115739,1710673.32,8.37
2022-06-19,2022,6,Sunday,98519,1540524.26,6.63
2022-06-20,2022,6,Monday,100527,1551859.85,10.46
2022-06-21,2022,6,Tuesday,121554,1811251.44,9.92
2022-06-22,2022,6,Wednesday,123272,1837289.15,8.92
2022-06-23,2022,6,Thursday,130534,2000111.56,5.92
2022-06-24,2022,6,Friday,124534,1920156.06,9.5
2022-06-25,2022,6,Saturday,119616,1779576.89,7.04
2022-06-26,2022,6,Sunday,92817,1547656.17,8.49
2022-06-27,2022,6,Monday,104792,1608928.83,5.83
2022-06-28,2022,6,Tuesday,114231,1690675.65,9.11
2022-06-29,2022,6,Wednesday,117508,1719268.94,5.97
2022-06-30,2022,6,Thursday,114561,1721161.4,5.88
2022-07-01,2022,7,Friday,101976,1523573.35,6.95
2022-07-02,2022,7,Saturday,86600,1239176.95,7.3
2022-07-03,2022,7,Sunday,74540,1120901.17,4.6
2022-07-04,2022,7,Monday,64842,1039956.53,8.58
2022-07-05,2022,7,Tuesday,94781,1396856.78,6.03
2022-07-06,2022,7,Wednesday,103841,1461875.84,9.47
2022-07-07,2022,7,Thursday,108213,1537837.16,7.24
2022-07-08,2022,7,Friday,104429,1513076.86,8.17
2022-07-09,2022,7,Saturday,96434,1386873.05,6.54
2022-07-10,2022,7,Sunday,85025,1342730.79,5.6
2022-07-11,2022,7,Monday,97651,1454467.28,12.27
2022-07-12,2022,7,Tuesday,113105,1622000.61,3.78
2022-07-13,2022,7,Wednesday,118363,1718708.8,4.08
2022-07-14,2022,7,Thursday,118509,1743009.9,8.67
2022-07-15,2022,7,Friday,111218,1648778.32,9.63
2022-07-16,2022,7,Saturday,107040,1563545.4,8.94
2022-07-17,2022,7,Sunday,90640,1432990.88,5.74
2022-07-18,2022,7,Monday,97658,1459397.94,8.19
2022-07-19,2022,7,Tuesday,115111,1676048.6,8.58
2022-07-20,2022,7,Wednesday,118980,1730120.67,9.88
2022-07-21,2022,7,Thursday,117069,1733678.75,4.35
2022-07-22,2022,7,Friday,109308,1600938.23,10.7
2022-07-23,2022,7,Saturday,103946,1470800.0,8.18
2022-07-24,2022,7,Sunday,90861,1384084.74,9.95
2022-07-25,2022,7,Monday,95724,1406727.43,5.97
2022-07-26,2022,7,Tuesday,110799,1622592.33,7.62
2022-07-27,2022,7,Wednesday,115709,1665908.82,4.27
2022-07-28,2022,7,Thursday,116728,1695145.41,9.47
2022-07-29,2022,7,Friday,110487,1645130.78,9.86
2022-07-30,2022,7,Saturday,102257,1477325.89,7.38
2022-07-31,2022,7,Sunday,87278,1367954.09,5.0
2022-08-01,2022,8,Monday,92473,1391826.54,10.32
2022-08-02,2022,8,Tuesday,108240,1521375.95,5.8
2022-08-03,2022,8,Wednesday,110723,1564013.6,3.59
2022-08-04,2022,8,Thursday,113243,1647138.93,6.94
2022-08-05,2022,8,Friday,108197,1595149.2,7.18
2022-08-06,2022,8,Saturday,105090,1507917.48,6.28
2022-08-07,2022,8,Sunday,86887,1344764.09,4.11
2022-08-08,2022,8,Monday,97733,1432531.96,8.49
2022-08-09,2022,8,Tuesday,112209,1576620.26,8.43
2022-08-10,2022,8,Wednesday,85888,1251340.13,5.72
2022-08-11,2022,8,Thursday,114616,1693251.76,9.45
2022-08-12,2022,8,Friday,108244,1618895.91,3.79
2022-08-13,2022,8,Saturday,100216,1477686.51,7.3
2022-08-14,2022,8,Sunday,85322,1387003.22,4.92
2022-08-15,2022,8,Monday,92566,1400234.2,4.63
2022-08-16,2022,8,Tuesday,104189,1497761.05,4.08
2022-08-17,2022,8,Wednesday,107043,1552335.77,7.06
2022-08-18,2022,8,Thursday,109126,1616293.69,9.11
2022-08-19,2022,8,Friday,104987,1582390.46,7.95
2022-08-20,2022,8,Saturday,100851,1504219.22,10.64
2022-08-21,2022,8,Sunday,85867,1375740.15,6.52
2022-08-22,2022,8,Monday,91416,1360927.53,6.69
2022-08-23,2022,8,Tuesday,104990,1544656.06,5.31
2022-08-24,2022,8,Wednesday,107743,1556487.94,5.46
2022-08-25,2022,8,Thursday,109162,1605867.63,9.62
2022-08-26,2022,8,Friday,105645,1552225.14,7.14
2022-08-27,2022,8,Saturday,102901,1505834.88,9.66
2022-08-28,2022,8,Sunday,87182,1420833.59,6.05
2022-08-29,2022,8,Monday,91284,1399371.57,7.19
2022-08-30,2022,8,Tuesday,104895,1527375.77,4.33
2022-08-31,2022,8,Wednesday,105715,1617846.04,7.37
2022-09-01,2022,9,Thursday,107000,1644854.29,9.19
2022-09-02,2022,9,Friday,103053,1581533.49,12.31
2022-09-03,2022,9,Saturday,96482,1437713.18,11.94
2022-09-04,2022,9,Sunday,88100,1386435.53,7.82
2022-09-05,2022,9,Monday,80422,1379550.07,11.17
2022-09-06,2022,9,Tuesday,102286,1603311.0,10.29
2022-09-07,2022,9,Wednesday,118957,1789711.5,4.73
2022-09-08,2022,9,Thursday,124699,1944805.91,4.75
2022-09-09,2022,9,Friday,124780,1931054.11,8.66
2022-09-10,2022,9,Saturday,117158,1800554.5,20.7
2022-09-11,2022,9,Sunday,100740,1614082.88,17.43
2022-09-12,2022,9,Monday,110531,1734544.65,12.77
2022-09-13,2022,9,Tuesday,121598,1858136.16,6.1
2022-09-14,2022,9,Wednesday,123789,1907827.23,4.87
2022-09-15,2022,9,Thursday,127540,1991819.23,3.92
2022-09-16,2022,9,Friday,125131,1940848.12,6.08
2022-09-17,2022,9,Saturday,60024,891069.5,11.54
2022-09-18,2022,9,Sunday,5494,110544.05,4.67
2022-09-19,2022,9,Monday,105220,1686872.42,6.36
2022-09-20,2022,9,Tuesday,106285,1759107.53,8.38
2022-09-21,2022,9,Wednesday,102795,1787629.69,11.86
2022-09-22,2022,9,Thursday,108945,1795781.73,12.62
2022-09-23,2022,9,Friday,118746,1896426.02,7.87
2022-09-24,2022,9,Saturday,116904,1918455.51,7.75
2022-09-25,2022,9,Sunday,98536,1558295.6,14.07
2022-09-26,2022,9,Monday,96543,1477047.03,5.21
2022-09-27,2022,9,Tuesday,112905,1644384.58,8.57
2022-09-28,2022,9,Wednesday,122438,1816865.86,9.77
2022-09-29,2022,9,Thursday,126667,1942019.53,8.78
2022-09-30,2022,9,Friday,123579,1881198.71,6.63
2022-10-01,2022,10,Saturday,117471,1674956.45,10.47
2022-10-02,2022,10,Sunday,93948,1499688.59,6.23
2022-10-03,2022,10,Monday,108322,1605603.65,8.75
2022-10-04,2022,10,Tuesday,109542,1587803.63,9.24
2022-10-05,2022,10,Wednesday,114438,1596975.65,9.58
2022-10-06,2022,10,Thursday,123535,1964724.71,10.05
2022-10-07,2022,10,Friday,124661,1963654.6,7.37
2022-10-08,2022,10,Saturday,121832,1824855.05,8.27
2022-10-09,2022,10,Sunday,97572,1632926.39,6.83
2022-10-10,2022,10,Monday,94395,1528769.49,9.27
2022-10-11,2022,10,Tuesday,118989,1802860.24,4.02
2022-10-12,2022,10,Wednesday,124612,1901388.32,4.73
2022-10-13,2022,10,Thursday,128363,1980971.34,9.41
2022-10-14,2022,10,Friday,127000,1978518.37,9.25
2022-10-15,2022,10,Saturday,126541,1896219.23,5.76
2022-10-16,2022,10,Sunday,107941,1726347.22,12.81
2022-10-17,2022,10,Monday,111464,1701902.59,9.02
2022-10-18,2022,10,Tuesday,124178,1862606.85,6.32
2022-10-19,2022,10,Wednesday,129354,1971680.17,8.89
2022-10-20,2022,10,Thursday,131817,2035919.05,9.98
2022-10-21,2022,10,Friday,128438,2001778.11,6.07
2022-10-22,2022,10,Saturday,127143,1871552.83,5.9
2022-10-23,2022,10,Sunday,104729,1670580.65,10.25
2022-10-24,2022,10,Monday,110823,1664212.27,8.29
2022-10-25,2022,10,Tuesday,122376,1820811.08,8.24
2022-10-26,2022,10,Wednesday,128211,1967623.56,5.47
2022-10-27,2022,10,Thursday,131918,2075525.96,8.61
2022-10-28,2022,10,Friday,131042,1999888.33,9.69
2022-10-29,2022,10,Saturday,126582,1874415.35,4.89
2022-10-30,2022,10,Sunday,107175,1687453.15,4.06
2022-10-31,2022,10,Monday,100889,1504571.28,9.69
2022-11-01,2022,11,Tuesday,119756,1795445.14,6.34
2022-11-02,2022,11,Wednesday,125362,1856376.58,9.29
2022-11-03,2022,11,Thursday,130568,1989166.38,6.34
2022-11-04,2022,11,Friday,129721,1937307.98,10.76
2022-11-05,2022,11,Saturday,129234,1872801.3,8.61
2022-11-06,2022,11,Sunday,103180,1635989.33,6.56
2022-11-07,2022,11,Monday,111345,1724916.68,3.9
2022-11-08,2022,11,Tuesday,120381,1721744.18,5.4
2022-11-09,2022,11,Wednesday,127962,1903272.18,8.3
2022-11-10,2022,11,Thursday,131947,2040710.63,4.63
2022-11-11,2022,11,Friday,116425,1815303.66,6.18
2022-11-12,2022,11,Saturday,129264,1867347.2,5.56
2022-11-13,2022,11,Sunday,112608,1784711.87,6.19
2022-11-14,2022,11,Monday,81930,1282621.5,10.92
2022-11-15,2022,11,Tuesday,90976,1391473.76,6.86
2022-11-16,2022,11,Wednesday,92736,1429088.4,17.29
2022-11-17,2022,11,Thursday,95437,1505585.55,6.91
2022-11-18,2022,11,Friday,95460,1455509.06,9.37
2022-11-19,2022,11,Saturday,94552,1402057.31,10.18
2022-11-20,2022,11,Sunday,80905,1248126.83,8.68
2022-11-21,2022,11,Monday,107629,1585506.53,6.16
2022-11-22,2022,11,Tuesday,113721,1707777.64,6.88
2022-11-23,2022,11,Wednesday,105038,1552187.57,10.05
2022-11-24,2022,11,Thursday,68971,991561.82,7.96
2022-11-25,2022,11,Friday,85730,1206765.59,8.65
2022-11-26,2022,11,Saturday,98495,1504573.51,5.37
2022-11-27,2022,11,Sunday,89427,1458045.11,14.38
2022-11-28,2022,11,Monday,105912,1694677.07,5.98
2022-11-29,2022,11,Tuesday,118548,1783611.39,6.23
2022-11-30,2022,11,Wednesday,116800,1796994.81,12.95
2022-12-01,2022,12,Thursday,129885,2047750.54,4.04
2022-12-02,2022,12,Friday,129055,1947980.45,8.9
2022-12-03,2022,12,Saturday,128059,1856668.49,8.13
2022-12-04,2022,12,Sunday,110490,1784495.86,7.25
2022-12-05,2022,12,Monday,112968,1755099.44,7.1
2022-12-06,2022,12,Tuesday,119346,1880266.41,7.07
2022-12-07,2022,12,Wednesday,124933,1990703.21,6.37
2022-12-08,2022,12,Thursday,133339,2167846.58,8.02
2022-12-09,2022,12,Friday,134535,2096395.69,5.34
2022-12-10,2022,12,Saturday,128511,1927261.11,4.6
2022-12-11,2022,12,Sunday,106418,1699844.35,4.17
2022-12-12,2022,12,Monday,111972,1712143.44,4.33
2022-12-13,2022,12,Tuesday,123602,1861624.82,6.68
2022-12-14,2022,12,Wednesday,128762,1956302.92,6.85
2022-12-15,2022,12,Thursday,130413,2035114.92,3.56
2022-12-16,2022,12,Friday,126958,1970203.65,5.03
2022-12-17,2022,12,Saturday,124557,1891227.05,3.86
2022-12-18,2022,12,Sunday,101803,1643698.45,4.9
2022-12-19,2022,12,Monday,111377,2124687.4,8.34
2022-12-20,2022,12,Tuesday,115981,2230318.42,3.44
2022-12-21,2022,12,Wednesday,113666,2245864.52,7.67
2022-12-22,2022,12,Thursday,102935,2042244.76,3.72
2022-12-23,2022,12,Friday,94994,1777053.05,3.52
2022-12-24,2022,12,Saturday,74987,1342110.07,3.79
2022-12-25,2022,12,Sunday,49689,1031778.2,4.21
2022-12-26,2022,12,Monday,67113,1433914.1,4.18
2022-12-27,2022,12,Tuesday,86024,1819195.11,4.28
2022-12-28,2022,12,Wednesday,88729,1849489.8,4.24
2022-12-29,2022,12,Thursday,93222,1939500.53,4.63
2022-12-30,2022,12,Friday,92073,1933483.09,3.99
2022-12-31,2022,12,Saturday,84657,1608761.55,5.57
2023-01-01,2023,1,Sunday,75869,1670446.52,4.42
2023-01-02,2023,1,Monday,65417,1449182.27,4.6
2023-01-03,2023,1,Tuesday,85679,1726982.48,4.1
2023-01-04,2023,1,Wednesday,95207,1818196.86,3.57
2023-01-05,2023,1,Thursday,101111,1871372.46,3.66
2023-01-06,2023,1,Friday,102751,1844701.16,3.79
2023-01-07,2023,1,Saturday,104696,1854999.43,5.47
2023-01-08,2023,1,Sunday,84636,1681525.75,4.02
2023-01-09,2023,1,Monday,85447,1620611.67,3.81
2023-01-10,2023,1,Tuesday,99894,1775678.66,3.21
2023-01-11,2023,1,Wednesday,106213,1863585.64,4.34
2023-01-12,2023,1,Thursday,111377,2072470.77,4.29
2023-01-13,2023,1,Friday,110566,2085068.9,4.65
2023-01-14,2023,1,Saturday,112372,2020292.69,3.39
2023-01-15,2023,1,Sunday,96325,1809651.31,5.67
2023-01-16,2023,1,Monday,79686,1593005.95,4.02
2023-01-17,2023,1,Tuesday,100869,1907192.78,3.61
2023-01-18,2023,1,Wednesday,106226,1934810.85,3.52
2023-01-19,2023,1,Thursday,114899,2079970.52,3.23
2023-01-20,2023,1,Friday,109567,1980845.31,3.88
2023-01-21,2023,1,Saturday,111797,1919367.39,3.25
2023-01-22,2023,1,Sunday,89471,1705481.36,4.28
2023-01-23,2023,1,Monday,89918,1648698.16,6.6
2023-01-24,2023,1,Tuesday,103940,1833907.64,3.23
2023-01-25,2023,1,Wednesday,109434,1885724.76,3.18
2023-01-26,2023,1,Thursday,114924,2092243.09,3.34
2023-01-27,2023,1,Friday,111623,2000958.78,3.4
2023-01-28,2023,1,Saturday,111224,1915576.14,3.18
2023-01-29,2023,1,Sunday,87718,1679284.95,4.55
2023-01-30,2023,1,Monday,83743,1572074.26,3.6
2023-01-31,2023,1,Tuesday,100505,1811946.29,4.91
2023-02-01,2023,2,Wednesday,107984,1894053.66,3.45
2023-02-02,2023,2,Thursday,113248,2011400.24,3.31
2023-02-03,2023,2,Friday,115401,2000539.96,4.72
2023-02-04,2023,2,Saturday,97856,1668326.56,8.18
2023-02-05,2023,2,Sunday,83851,1638991.03,4.02
2023-02-06,2023,2,Monday,91120,1706042.02,3.72
2023-02-07,2023,2,Tuesday,106389,1872237.8,5.44
2023-02-08,2023,2,Wednesday,108777,1937783.16,3.74
2023-02-09,2023,2,Thursday,115431,2153244.22,3.5
2023-02-10,2023,2,Friday,114384,2103765.93,4.31
2023-02-11,2023,2,Saturday,114301,2028806.41,3.32
2023-02-12,2023,2,Sunday,94233,1786947.91,3.77
2023-02-13,2023,2,Monday,93062,1728935.43,4.25
2023-02-14,2023,2,Tuesday,108563,1957761.1,3.15
2023-02-15,2023,2,Wednesday,110825,2104568.42,4.36
2023-02-16,2023,2,Thursday,113061,2101646.58,3.46
2023-02-17,2023,2,Friday,111631,2058722.03,3.74
2023-02-18,2023,2,Saturday,104784,1896741.52,3.3
2023-02-19,2023,2,Sunday,89514,1726230.82,4.28
2023-02-20,2023,2,Monday,79308,1634203.54,4.21
2023-02-21,2023,2,Tuesday,99840,1869436.37,7.12
2023-02-22,2023,2,Wednesday,110851,2043894.67,3.49
2023-02-23,2023,2,Thursday,115144,2150738.37,4.56
2023-02-24,2023,2,Friday,115347,2105649.6,3.84
2023-02-25,2023,2,Saturday,112870,2012176.85,3.43
2023-02-26,2023,2,Sunday,90660,1804707.79,4.14
2023-02-27,2023,2,Monday,92886,1773089.03,3.95
2023-02-28,2023,2,Tuesday,101061,1833202.07,3.91
2023-03-01,2023,3,Wednesday,115312,2152583.72,4.6
2023-03-02,2023,3,Thursday,118846,2232208.77,5.25
2023-03-03,2023,3,Friday,116297,2111966.78,5.2
2023-03-04,2023,3,Saturday,112669,1998138.72,3.36
2023-03-05,2023,3,Sunday,96504,1910137.25,4.04
2023-03-06,2023,3,Monday,93471,1821741.25,4.02
2023-03-07,2023,3,Tuesday,113837,2049270.57,3.34
2023-03-08,2023,3,Wednesday,117361,2197532.08,3.62
2023-03-09,2023,3,Thursday,121402,2293230.4,3.39
2023-03-10,2023,3,Friday,121512,2270072.2,3.76
2023-03-11,2023,3,Saturday,110841,1971141.67,3.38
2023-03-12,2023,3,Sunday,94696,1885984.19,4.11
2023-03-13,2023,3,Monday,100437,1932947.38,4.68
2023-03-14,2023,3,Tuesday,107590,1961381.87,4.49
2023-03-15,2023,3,Wednesday,119856,2332094.24,4.69
2023-03-16,2023,3,Thursday,124014,2457743.62,3.77
2023-03-17,2023,3,Friday,112410,2249856.49,4.42
2023-03-18,2023,3,Saturday,120989,2217271.36,3.79
2023-03-19,2023,3,Sunday,99885,2059978.57,4.25
2023-03-20,2023,3,Monday,91419,1876309.49,4.31
2023-03-21,2023,3,Tuesday,101752,1958413.94,3.68
2023-03-22,2023,3,Wednesday,105933,2036071.07,3.64
2023-03-23,2023,3,Thursday,113961,2229596.56,3.83
2023-03-24,2023,3,Friday,110774,2112366.13,4.07
2023-03-25,2023,3,Saturday,115167,2050305.14,3.25
2023-03-26,2023,3,Sunday,93726,1944790.24,7.31
2023-03-27,2023,3,Monday,96475,1893373.72,4.54
2023-03-28,2023,3,Tuesday,104345,1993454.21,3.6
2023-03-29,2023,3,Wednesday,111421,2143470.01,3.87
2023-03-30,2023,3,Thursday,119223,2334503.52,5.05
2023-03-31,2023,3,Friday,114939,2224139.25,3.77
2023-04-01,2023,4,Saturday,116517,2122349.72,3.92
2023-04-02,2023,4,Sunday,99493,2014505.02,4.46
2023-04-03,2023,4,Monday,97001,1927099.21,5.58
2023-04-04,2023,4,Tuesday,108597,2021400.22,3.95
2023-04-05,2023,4,Wednesday,115736,2197475.72,3.76
2023-04-06,2023,4,Thursday,108040,2074602.2,3.66
2023-04-07,2023,4,Friday,105695,1944511.57,5.44
2023-04-08,2023,4,Saturday,101373,1792272.4,3.2
2023-04-09,2023,4,Sunday,88228,1769155.74,4.42
2023-04-10,2023,4,Monday,89786,1831880.66,4.77
2023-04-11,2023,4,Tuesday,104957,2037047.96,5.1
2023-04-12,2023,4,Wednesday,113028,2133743.77,3.75
2023-04-13,2023,4,Thursday,121757,2359530.0,3.78
2023-04-14,2023,4,Friday,123779,2363148.03,3.88
2023-04-15,2023,4,Saturday,118536,2234999.69,5.08
2023-04-16,2023,4,Sunday,98154,2022960.17,4.21
2023-04-17,2023,4,Monday,97916,2005556.58,4.78
2023-04-18,2023,4,Tuesday,115192,2258623.41,3.91
2023-04-19,2023,4,Wednesday,117604,2301861.08,4.05
2023-04-20,2023,4,Thursday,125755,2549466.84,3.8
2023-04-21,2023,4,Friday,116388,2259291.82,3.8
2023-04-22,2023,4,Saturday,117647,2177719.75,5.07
2023-04-23,2023,4,Sunday,97490,2097186.53,4.74
2023-04-24,2023,4,Monday,99681,2069713.4,5.17
2023-04-25,2023,4,Tuesday,112804,2255776.83,3.98
2023-04-26,2023,4,Wednesday,120238,2378028.23,3.54
2023-04-27,2023,4,Thursday,124511,2545254.35,3.53
2023-04-28,2023,4,Friday,123256,2413320.67,4.09
2023-04-29,2023,4,Saturday,109911,2103813.72,3.48
2023-04-30,2023,4,Sunday,93820,1989959.05,8.44
2023-05-01,2023,5,Monday,99673,2133553.2,6.22
2023-05-02,2023,5,Tuesday,114864,2251935.88,3.47
2023-05-03,2023,5,Wednesday,119399,2332847.52,3.42
2023-05-04,2023,5,Thursday,126524,2506562.78,3.99
2023-05-05,2023,5,Friday,121277,2359419.11,5.43
2023-05-06,2023,5,Saturday,121079,2249530.07,3.69
2023-05-07,2023,5,Sunday,100767,2126297.19,4.67
2023-05-08,2023,5,Monday,98599,2023843.27,4.95
2023-05-09,2023,5,Tuesday,115668,2267796.51,5.67
2023-05-10,2023,5,Wednesday,120641,2472467.66,4.14
2023-05-11,2023,5,Thursday,129945,2613340.35,3.88
2023-05-12,2023,5,Friday,125597,2516605.19,4.9
2023-05-13,2023,5,Saturday,121422,2309665.91,3.75
2023-05-14,2023,5,Sunday,109091,2242015.47,4.93
2023-05-15,2023,5,Monday,108847,2249131.59,6.6
2023-05-16,2023,5,Tuesday,124433,2512026.45,3.69
2023-05-17,2023,5,Wednesday,132174,2690263.67,4.85
2023-05-18,2023,5,Thursday,134572,2811894.39,4.62
2023-05-19,2023,5,Friday,127685,2508767.12,4.95
2023-05-20,2023,5,Saturday,118701,2326923.01,3.5
2023-05-21,2023,5,Sunday,102139,2246449.02,4.46
2023-05-22,2023,5,Monday,103683,2100788.03,6.21
2023-05-23,2023,5,Tuesday,116202,2263565.49,3.57
2023-05-24,2023,5,Wednesday,125207,2427744.1,3.95
2023-05-25,2023,5,Thursday,117023,2376092.36,6.29
2023-05-26,2023,5,Friday,102078,2041022.65,5.17
2023-05-27,2023,5,Saturday,93325,1803192.11,3.83
2023-05-28,2023,5,Sunday,82902,1703899.39,4.37
2023-05-29,2023,5,Monday,75055,1650791.67,6.59
2023-05-30,2023,5,Tuesday,100232,2045327.16,3.8
2023-05-31,2023,5,Wednesday,114552,2258770.3,3.99
2023-06-01,2023,6,Thursday,122943,2488265.61,5.5
2023-06-02,2023,6,Friday,118618,2287703.58,4.55
2023-06-03,2023,6,Saturday,117611,2217943.48,3.8
2023-06-04,2023,6,Sunday,99927,2172958.07,4.75
2023-06-05,2023,6,Monday,103020,2094054.97,5.95
2023-06-06,2023,6,Tuesday,120979,2376489.42,3.76
2023-06-07,2023,6,Wednesday,123309,2444431.67,3.68
2023-06-08,2023,6,Thursday,118940,2323337.51,4.36
2023-06-09,2023,6,Friday,115018,2245797.15,4.26
2023-06-10,2023,6,Saturday,112064,2112540.55,4.78
2023-06-11,2023,6,Sunday,96616,2105801.4,4.49
2023-06-12,2023,6,Monday,106988,2521481.11,4.26
2023-06-13,2023,6,Tuesday,117349,2316972.77,4.23
2023-06-14,2023,6,Wednesday,122596,2407880.76,4.67
2023-06-15,2023,6,Thursday,127599,2573145.58,4.09
2023-06-16,2023,6,Friday,110884,2253291.22,5.11
2023-06-17,2023,6,Saturday,105545,2001634.73,3.94
2023-06-18,2023,6,Sunday,91732,1902438.08,4.59
2023-06-19,2023,6,Monday,85974,1811516.33,5.24
2023-06-20,2023,6,Tuesday,107886,2228081.19,4.62
2023-06-21,2023,6,Wednesday,116101,2340983.5,6.48
2023-06-22,2023,6,Thursday,121394,2422347.02,4.96
2023-06-23,2023,6,Friday,114150,2266172.19,6.54
2023-06-24,2023,6,Saturday,108496,2105007.29,4.12
2023-06-25,2023,6,Sunday,93868,2048740.22,4.42
2023-06-26,2023,6,Monday,99513,2079697.48,4.83
2023-06-27,2023,6,Tuesday,109225,2215037.56,5.1
2023-06-28,2023,6,Wednesday,105324,2115679.59,4.62
2023-06-29,2023,6,Thursday,104718,2225540.82,8.5
2023-06-30,2023,6,Friday,94896,1919448.0,4.27
2023-07-01,2023,7,Saturday,80956,1589362.09,4.93
2023-07-02,2023,7,Sunday,68368,1381934.22,5.32
2023-07-03,2023,7,Monday,64286,1279165.48,4.99
2023-07-04,2023,7,Tuesday,57353,1225881.06,5.06
2023-07-05,2023,7,Wednesday,84659,1696468.32,4.35
2023-07-06,2023,7,Thursday,92801,1832545.61,5.33
2023-07-07,2023,7,Friday,90391,1754110.97,6.67
2023-07-08,2023,7,Saturday,90351,1747195.3,5.13
2023-07-09,2023,7,Sunday,79401,1635317.86,7.01
2023-07-10,2023,7,Monday,88439,1837345.86,4.69
2023-07-11,2023,7,Tuesday,103196,2061020.53,3.82
2023-07-12,2023,7,Wednesday,109897,2137441.96,4.15
2023-07-13,2023,7,Thursday,112509,2200421.01,3.69
2023-07-14,2023,7,Friday,98584,1945141.1,4.25
2023-07-15,2023,7,Saturday,99920,1946240.61,5.47
2023-07-16,2023,7,Sunday,80025,1709328.24,7.43
2023-07-17,2023,7,Monday,93405,1957305.53,6.78
2023-07-18,2023,7,Tuesday,105852,2107705.4,4.0
2023-07-19,2023,7,Wednesday,110334,2194831.31,6.89
2023-07-20,2023,7,Thursday,111093,2220406.06,4.93
2023-07-21,2023,7,Friday,99774,1963852.06,3.94
2023-07-22,2023,7,Saturday,98498,1919872.3,3.81
2023-07-23,2023,7,Sunday,85807,1792977.72,4.43
2023-07-24,2023,7,Monday,89226,1790409.87,4.64
2023-07-25,2023,7,Tuesday,102176,2019737.91,5.9
2023-07-26,2023,7,Wednesday,108094,2182218.75,4.0
2023-07-27,2023,7,Thursday,111926,2175554.67,5.41
2023-07-28,2023,7,Friday,101750,2004693.73,4.29
2023-07-29,2023,7,Saturday,95999,1825182.32,4.12
2023-07-30,2023,7,Sunday,86376,1860114.42,4.64
2023-07-31,2023,7,Monday,85279,1744709.35,5.27
2023-08-01,2023,8,Tuesday,97553,1910387.44,4.61
2023-08-02,2023,8,Wednesday,100718,1948471.25,4.58
2023-08-03,2023,8,Thursday,102429,2013069.18,4.07
2023-08-04,2023,8,Friday,91349,1821858.55,5.6
2023-08-05,2023,8,Saturday,91665,1743168.21,3.74
2023-08-06,2023,8,Sunday,79814,1660302.57,4.11
2023-08-07,2023,8,Monday,82721,1653252.9,4.4
2023-08-08,2023,8,Tuesday,95142,1885001.24,5.25
2023-08-09,2023,8,Wednesday,99567,1912989.14,3.82
2023-08-10,2023,8,Thursday,103781,2025533.89,5.98
2023-08-11,2023,8,Friday,91607,1824192.03,4.71
2023-08-12,2023,8,Saturday,89076,1723431.85,4.77
2023-08-13,2023,8,Sunday,79037,1747267.98,5.49
2023-08-14,2023,8,Monday,83009,1682678.35,7.89
2023-08-15,2023,8,Tuesday,92722,1777502.52,7.93
2023-08-16,2023,8,Wednesday,98964,1914645.93,3.68
2023-08-17,2023,8,Thursday,99271,1936723.19,4.8
2023-08-18,2023,8,Friday,89111,1793087.39,10.37
2023-08-19,2023,8,Saturday,88734,1775222.73,5.87
2023-08-20,2023,8,Sunday,77148,1686785.94,4.75
2023-08-21,2023,8,Monday,79327,1623105.89,7.52
2023-08-22,2023,8,Tuesday,86312,1709912.82,4.64
2023-08-23,2023,8,Wednesday,91562,1800373.31,7.84
2023-08-24,2023,8,Thursday,94598,1901963.87,4.29
2023-08-25,2023,8,Friday,88079,1758451.25,4.15
2023-08-26,2023,8,Saturday,89405,1757899.57,7.67
2023-08-27,2023,8,Sunday,79711,1701914.71,7.45
2023-08-28,2023,8,Monday,77627,1637701.07,4.38
2023-08-29,2023,8,Tuesday,93134,1894947.78,5.55
2023-08-30,2023,8,Wednesday,91482,1870279.79,3.75
2023-08-31,2023,8,Thursday,90549,1937106.08,3.9
2023-09-01,2023,9,Friday,85789,1829747.32,4.59
2023-09-02,2023,9,Saturday,81069,1824364.74,4.32
2023-09-03,2023,9,Sunday,77159,1643168.75,4.17
2023-09-04,2023,9,Monday,71246,1642011.21,5.3
2023-09-05,2023,9,Tuesday,101718,2266726.96,4.69
2023-09-06,2023,9,Wednesday,116455,2362099.61,4.38
2023-09-07,2023,9,Thursday,127418,2578450.61,4.24
2023-09-08,2023,9,Friday,121915,2554463.6,4.67
2023-09-09,2023,9,Saturday,114429,2312267.41,4.03
2023-09-10,2023,9,Sunday,101224,2136098.25,4.45
2023-09-11,2023,9,Monday,105196,2262074.35,4.91
2023-09-12,2023,9,Tuesday,116908,2458741.14,3.55
2023-09-13,2023,9,Wednesday,116935,2362154.06,5.25
2023-09-14,2023,9,Thursday,123336,2557436.65,5.27
2023-09-15,2023,9,Friday,114122,2339778.14,4.74
2023-09-16,2023,9,Saturday,107598,2083369.48,3.52
2023-09-17,2023,9,Sunday,91011,2088705.33,5.29
2023-09-18,2023,9,Monday,93787,2113481.27,4.06
2023-09-19,2023,9,Tuesday,101960,2149986.38,4.82
2023-09-20,2023,9,Wednesday,106308,2265189.4,6.33
2023-09-21,2023,9,Thursday,41096,867723.8,4.88
2023-09-22,2023,9,Friday,4722,107623.55,25.18
2023-09-23,2023,9,Saturday,5046,107897.84,14.23
2023-09-24,2023,9,Sunday,4450,95028.81,13.17
2023-09-25,2023,9,Monday,89586,1748619.97,11.19
2023-09-26,2023,9,Tuesday,110549,2221279.26,4.81
2023-09-27,2023,9,Wednesday,116638,2334644.23,4.04
2023-09-28,2023,9,Thursday,124756,2565687.0,5.56
2023-09-29,2023,9,Friday,100587,2374042.37,5.38
2023-09-30,2023,9,Saturday,110192,2085357.1,3.44
2023-10-01,2023,10,Sunday,98632,2124574.92,6.3
2023-10-02,2023,10,Monday,98264,2059065.35,3.91
2023-10-03,2023,10,Tuesday,110678,2182157.29,3.76
2023-10-04,2023,10,Wednesday,116624,2291538.46,3.44
2023-10-05,2023,10,Thursday,120418,2451876.11,3.81
2023-10-06,2023,10,Friday,112808,2295842.5,4.19
2023-10-07,2023,10,Saturday,109168,2035351.87,3.99
2023-10-08,2023,10,Sunday,94501,2034928.86,4.5
2023-10-09,2023,10,Monday,83723,1835457.66,4.2
2023-10-10,2023,10,Tuesday,108259,2241440.24,3.96
2023-10-11,2023,10,Wednesday,116041,2348612.77,4.37
2023-10-12,2023,10,Thursday,124248,2632010.69,4.72
2023-10-13,2023,10,Friday,114409,2327161.68,4.44
2023-10-14,2023,10,Saturday,116206,2234911.46,4.12
2023-10-15,2023,10,Sunday,99700,2108549.91,5.04
2023-10-16,2023,10,Monday,100258,2100560.71,5.0
2023-10-17,2023,10,Tuesday,113566,2286577.87,4.01
2023-10-18,2023,10,Wednesday,118300,2423528.11,3.89
2023-10-19,2023,10,Thursday,125331,2602071.47,4.79
2023-10-20,2023,10,Friday,121218,2450888.03,5.42
2023-10-21,2023,10,Saturday,118817,2244042.6,3.91
2023-10-22,2023,10,Sunday,105805,2219241.86,4.31
2023-10-23,2023,10,Monday,98778,2084600.42,4.56
2023-10-24,2023,10,Tuesday,111307,2268371.33,5.99
2023-10-25,2023,10,Wednesday,117813,2425939.93,4.05
2023-10-26,2023,10,Thursday,127063,2611602.56,3.84
2023-10-27,2023,10,Friday,123369,2549736.98,5.35
2023-10-28,2023,10,Saturday,124453,2473095.01,3.37
2023-10-29,2023,10,Sunday,103321,2094791.44,4.23
2023-10-30,2023,10,Monday,95661,1874891.68,4.4
2023-10-31,2023,10,Tuesday,100287,1883997.76,6.26
2023-11-01,2023,11,Wednesday,123238,2398707.46,4.53
2023-11-02,2023,11,Thursday,125555,2521540.5,3.63
2023-11-03,2023,11,Friday,120379,2396941.94,3.83
2023-11-04,2023,11,Saturday,119835,2253218.66,3.9
2023-11-05,2023,11,Sunday,102728,2086804.75,3.8
2023-11-06,2023,11,Monday,100930,2119686.79,4.41
2023-11-07,2023,11,Tuesday,111081,2163105.14,4.04
2023-11-08,2023,11,Wednesday,122269,2424246.1,3.95
2023-11-09,2023,11,Thursday,126860,2624659.73,4.32
2023-11-10,2023,11,Friday,123267,2440276.96,3.34
2023-11-11,2023,11,Saturday,120323,2272907.68,3.11
2023-11-12,2023,11,Sunday,103950,2125628.35,3.87
2023-11-13,2023,11,Monday,101431,2075451.87,5.27
2023-11-14,2023,11,Tuesday,115929,2277238.35,4.52
2023-11-15,2023,11,Wednesday,122208,2435690.57,4.06
2023-11-16,2023,11,Thursday,128697,2563926.58,4.08
2023-11-17,2023,11,Friday,119396,2411720.8,3.8
2023-11-18,2023,11,Saturday,123739,2264831.6,3.85
2023-11-19,2023,11,Sunday,97723,1907308.77,3.61
2023-11-20,2023,11,Monday,98156,1919611.23,4.56
2023-11-21,2023,11,Tuesday,108071,2179864.85,4.08
2023-11-22,2023,11,Wednesday,90297,1804025.38,3.73
2023-11-23,2023,11,Thursday,61384,1144518.61,4.53
2023-11-24,2023,11,Friday,76576,1434585.36,3.34
2023-11-25,2023,11,Saturday,86862,1772032.97,3.73
2023-11-26,2023,11,Sunday,82974,1822254.65,4.25
2023-11-27,2023,11,Monday,95628,2032720.36,4.6
2023-11-28,2023,11,Tuesday,118383,2373099.25,4.19
2023-11-29,2023,11,Wednesday,112986,2336446.82,4.31
2023-11-30,2023,11,Thursday,123049,2564078.99,4.35
2023-12-01,2023,12,Friday,127690,2571310.83,4.24
2023-12-02,2023,12,Saturday,121599,2336457.01,4.29
2023-12-03,2023,12,Sunday,105099,2136898.6,4.29
2023-12-04,2023,12,Monday,102033,2111513.65,4.84
2023-12-05,2023,12,Tuesday,120496,2408473.67,4.45
2023-12-06,2023,12,Wednesday,129279,2593796.79,3.2
2023-12-07,2023,12,Thursday,134068,2782533.48,3.44
2023-12-08,2023,12,Friday,130228,2620058.75,3.98
2023-12-09,2023,12,Saturday,133054,2580021.93,3.4
2023-12-10,2023,12,Sunday,108873,2181836.65,4.37
2023-12-11,2023,12,Monday,109073,2197791.05,4.32
2023-12-12,2023,12,Tuesday,125131,2523847.73,3.66
2023-12-13,2023,12,Wednesday,134238,2673028.21,4.11
2023-12-14,2023,12,Thursday,142378,2974735.95,4.84
2023-12-15,2023,12,Friday,138947,2792966.24,4.23
2023-12-16,2023,12,Saturday,133090,2576495.74,3.54
2023-12-17,2023,12,Sunday,105092,2058705.1,3.53
2023-12-18,2023,12,Monday,100211,1924553.03,4.27
2023-12-19,2023,12,Tuesday,120314,2297841.47,3.89
2023-12-20,2023,12,Wednesday,117034,2252744.81,4.78
2023-12-21,2023,12,Thursday,115556,2232219.6,4.13
2023-12-22,2023,12,Friday,108745,2060253.8,5.17
2023-12-23,2023,12,Saturday,81860,1570584.27,3.75
2023-12-24,2023,12,Sunday,64360,1171998.41,5.58
2023-12-25,2023,12,Monday,44394,939598.91,5.23
2023-12-26,2023,12,Tuesday,67457,1437419.86,4.8
2023-12-27,2023,12,Wednesday,80116,1723169.37,4.04
2023-12-28,2023,12,Thursday,83312,1783990.23,4.06
2023-12-29,2023,12,Friday,84890,1780752.86,3.75
2023-12-30,2023,12,Saturday,81357,1692228.38,5.21
2023-12-31,2023,12,Sunday,74627,1462300.36,4.11
2024-01-01,2024,1,Monday,76655,1697064.34,5.16
2024-01-02,2024,1,Tuesday,74557,1587575.9,4.57
2024-01-03,2024,1,Wednesday,81653,1634742.56,4.01
2024-01-04,2024,1,Thursday,102136,1912670.81,3.91
2024-01-05,2024,1,Friday,102161,1852333.86,3.81
2024-01-06,2024,1,Saturday,95300,1681567.89,3.7
2024-01-07,2024,1,Sunday,66305,1310981.94,3.94
2024-01-08,2024,1,Monday,79576,1514433.55,4.22
2024-01-09,2024,1,Tuesday,92287,1587227.23,4.08
2024-01-10,2024,1,Wednesday,94424,1716522.81,5.97
2024-01-11,2024,1,Thursday,104064,1961394.56,3.64
2024-01-12,2024,1,Friday,102472,1929102.05,4.58
2024-01-13,2024,1,Saturday,103226,1816005.56,4.28
2024-01-14,2024,1,Sunday,92446,1679107.68,3.38
2024-01-15,2024,1,Monday,76030,1489425.38,4.16
2024-01-16,2024,1,Tuesday,92038,1786397.66,4.16
2024-01-17,2024,1,Wednesday,108613,2002066.27,4.46
2024-01-18,2024,1,Thursday,108983,1980430.53,3.46
2024-01-19,2024,1,Friday,94944,1661775.6,6.38
2024-01-20,2024,1,Saturday,106222,1766108.23,3.93
2024-01-21,2024,1,Sunday,82592,1548228.64,4.93
2024-01-22,2024,1,Monday,84831,1601177.42,4.09
2024-01-23,2024,1,Tuesday,98794,1777506.97,3.52
2024-01-24,2024,1,Wednesday,104371,1873553.46,4.56
2024-01-25,2024,1,Thursday,108949,2024552.29,4.24
2024-01-26,2024,1,Friday,104562,1900068.83,4.42
2024-01-27,2024,1,Saturday,108733,1865797.55,3.1
2024-01-28,2024,1,Sunday,90497,1661381.32,4.32
2024-01-29,2024,1,Monday,84007,1582619.5,3.44
2024-01-30,2024,1,Tuesday,100440,1770821.66,7.18
2024-01-31,2024,1,Wednesday,101405,1807879.44,3.2
2024-02-01,2024,2,Thursday,108862,2003586.29,3.59
2024-02-02,2024,2,Friday,104420,1854983.29,3.62
2024-02-03,2024,2,Saturday,108657,1824327.75,2.82
2024-02-04,2024,2,Sunday,86595,1635408.39,3.99
2024-02-05,2024,2,Monday,87804,1628695.92,4.19
2024-02-06,2024,2,Tuesday,101272,1822152.04,4.62
2024-02-07,2024,2,Wednesday,101982,1911675.27,5.39
2024-02-08,2024,2,Thursday,112770,2109002.61,4.2
2024-02-09,2024,2,Friday,108824,2009092.9,6.69
2024-02-10,2024,2,Saturday,109704,1911600.81,5.05
2024-02-11,2024,2,Sunday,94167,1766792.4,4.77
2024-02-12,2024,2,Monday,91387,1709112.7,3.68
2024-02-13,2024,2,Tuesday,68149,1129978.46,3.61
2024-02-14,2024,2,Wednesday,119932,2149769.56,4.8
2024-02-15,2024,2,Thursday,119813,2182968.56,3.69
2024-02-16,2024,2,Friday,103529,1964802.39,4.68
2024-02-17,2024,2,Saturday,102088,1773957.43,3.87
2024-02-18,2024,2,Sunday,90523,1679881.08,3.84
2024-02-19,2024,2,Monday,74934,1519648.42,4.05
2024-02-20,2024,2,Tuesday,96023,1810638.08,3.83
2024-02-21,2024,2,Wednesday,102532,1858997.06,3.85
2024-02-22,2024,2,Thursday,113894,2125291.55,5.2
2024-02-23,2024,2,Friday,101016,1866233.1,5.31
2024-02-24,2024,2,Saturday,114522,1999321.78,3.0
2024-02-25,2024,2,Sunday,92571,1786007.28,4.17
2024-02-26,2024,2,Monday,85130,1738808.88,3.72
2024-02-27,2024,2,Tuesday,114442,2078364.22,4.4
2024-02-28,2024,2,Wednesday,110218,2070378.46,3.8
2024-02-29,2024,2,Thursday,126340,2379212.61,3.43
2024-03-01,2024,3,Friday,114697,2113540.2,4.83
2024-03-02,2024,3,Saturday,117589,2083981.59,4.07
2024-03-03,2024,3,Sunday,93861,1865756.22,3.78
2024-03-04,2024,3,Monday,92812,1795028.91,4.11
2024-03-05,2024,3,Tuesday,110201,2047784.41,4.38
2024-03-06,2024,3,Wednesday,127773,2367142.63,4.42
2024-03-07,2024,3,Thursday,119012,2251622.97,5.27
2024-03-08,2024,3,Friday,116390,2183393.26,3.27
2024-03-09,2024,3,Saturday,132365,2321968.54,3.69
2024-03-10,2024,3,Sunday,99546,1969452.73,3.74
2024-03-11,2024,3,Monday,96313,1882951.04,4.51
2024-03-12,2024,3,Tuesday,109436,2123839.88,3.28
2024-03-13,2024,3,Wednesday,117096,2243868.94,3.27
2024-03-14,2024,3,Thursday,132982,2614373.0,4.34
2024-03-15,2024,3,Friday,124801,2390449.19,4.24
2024-03-16,2024,3,Saturday,126484,2371878.69,5.19
2024-03-17,2024,3,Sunday,99736,2082066.86,6.3
2024-03-18,2024,3,Monday,93545,1883167.28,5.6
2024-03-19,2024,3,Tuesday,109257,2076809.42,4.79
2024-03-20,2024,3,Wednesday,117578,2225687.7,3.81
2024-03-21,2024,3,Thursday,129200,2460027.11,4.37
2024-03-22,2024,3,Friday,115224,2206219.59,7.03
2024-03-23,2024,3,Saturday,119417,2135535.74,5.6
2024-03-24,2024,3,Sunday,100013,2049136.41,4.49
2024-03-25,2024,3,Monday,92276,1860518.39,7.81
2024-03-26,2024,3,Tuesday,111423,2125802.85,6.1
2024-03-27,2024,3,Wednesday,119716,2300594.05,5.8
2024-03-28,2024,3,Thursday,130657,2625141.7,4.21
2024-03-29,2024,3,Friday,117809,2232736.16,6.59
2024-03-30,2024,3,Saturday,110546,2011933.88,5.25
2024-03-31,2024,3,Sunday,96593,1929337.25,4.55
2024-04-01,2024,4,Monday,92935,1856610.17,6.51
2024-04-02,2024,4,Tuesday,129830,2498100.56,4.06
2024-04-03,2024,4,Wednesday,137873,2651622.12,4.59
2024-04-04,2024,4,Thursday,135438,2644114.84,5.97
2024-04-05,2024,4,Friday,132275,2520608.01,5.32
2024-04-06,2024,4,Saturday,129173,2401845.27,7.43
2024-04-07,2024,4,Sunday,103569,2089218.94,4.7
2024-04-08,2024,4,Monday,96100,1877467.42,7.69
2024-04-09,2024,4,Tuesday,119040,2328664.82,3.86
2024-04-10,2024,4,Wednesday,119941,2272458.68,7.94
2024-04-11,2024,4,Thursday,140578,2720613.64,4.8
2024-04-12,2024,4,Friday,122228,2343055.08,5.26
2024-04-13,2024,4,Saturday,127771,2292658.87,5.78
2024-04-14,2024,4,Sunday,109363,2223303.9,5.17
2024-04-15,2024,4,Monday,99726,2043952.98,5.65
2024-04-16,2024,4,Tuesday,109914,2154485.35,4.03
2024-04-17,2024,4,Wednesday,125349,2420910.71,6.73
2024-04-18,2024,4,Thursday,132751,2599545.32,4.06
2024-04-19,2024,4,Friday,117968,2245115.43,4.47
2024-04-20,2024,4,Saturday,130838,2475083.45,5.14
2024-04-21,2024,4,Sunday,104167,2081557.79,5.27
2024-04-22,2024,4,Monday,89366,1779523.26,4.5
2024-04-23,2024,4,Tuesday,98997,1883020.45,3.98
2024-04-24,2024,4,Wednesday,107600,2092790.47,3.5
2024-04-25,2024,4,Thursday,121646,2448936.14,4.14
2024-04-26,2024,4,Friday,111545,2190127.65,6.99
2024-04-27,2024,4,Saturday,116444,2176726.82,5.05
2024-04-28,2024,4,Sunday,97842,2000231.69,6.33
2024-04-29,2024,4,Monday,96186,1944470.64,6.1
2024-04-30,2024,4,Tuesday,110904,2103117.14,6.25
2024-05-01,2024,5,Wednesday,120669,2372902.52,3.5
2024-05-02,2024,5,Thursday,131571,2639086.07,3.67
2024-05-03,2024,5,Friday,126438,2465290.54,3.68
2024-05-04,2024,5,Saturday,131602,2418545.25,6.09
2024-05-05,2024,5,Sunday,117884,2413820.49,4.64
2024-05-06,2024,5,Monday,101984,2160221.84,4.59
2024-05-07,2024,5,Tuesday,118128,2355407.6,6.75
2024-05-08,2024,5,Wednesday,126315,2539423.04,5.77
2024-05-09,2024,5,Thursday,134986,2740034.65,5.32
2024-05-10,2024,5,Friday,136375,2703699.7,6.33
2024-05-11,2024,5,Saturday,128719,2428445.41,3.63
2024-05-12,2024,5,Sunday,110689,2242648.74,7.35
2024-05-13,2024,5,Monday,110180,2302352.41,6.29
2024-05-14,2024,5,Tuesday,130480,2697157.89,4.89
2024-05-15,2024,5,Wednesday,136983,2875414.77,7.01
2024-05-16,2024,5,Thursday,142068,2932472.82,4.98
2024-05-17,2024,5,Friday,131517,2636081.99,5.12
2024-05-18,2024,5,Saturday,135645,2644536.69,8.36
2024-05-19,2024,5,Sunday,112658,2375864.04,5.28
2024-05-20,2024,5,Monday,105214,2163396.92,5.07
2024-05-21,2024,5,Tuesday,120114,2373373.47,6.71
2024-05-22,2024,5,Wednesday,129319,2596019.56,4.37
2024-05-23,2024,5,Thursday,121282,2467926.32,4.54
2024-05-24,2024,5,Friday,108089,2209421.33,4.69
2024-05-25,2024,5,Saturday,88570,1692108.73,9.44
2024-05-26,2024,5,Sunday,84215,1684857.28,5.84
2024-05-27,2024,5,Monday,71595,1510670.75,6.94
2024-05-28,2024,5,Tuesday,103650,2156733.0,7.77
2024-05-29,2024,5,Wednesday,119645,2385304.69,5.42
2024-05-30,2024,5,Thursday,122040,2462043.88,3.71
2024-05-31,2024,5,Friday,115496,2287219.29,5.11
2024-06-01,2024,6,Saturday,128337,2458591.52,6.18
2024-06-02,2024,6,Sunday,105166,2286574.16,7.16
2024-06-03,2024,6,Monday,108082,2192552.74,8.08
2024-06-04,2024,6,Tuesday,123194,2466730.33,6.66
2024-06-05,2024,6,Wednesday,132227,2616625.05,5.54
2024-06-06,2024,6,Thursday,139779,2876976.12,4.35
2024-06-07,2024,6,Friday,129559,2555323.57,5.27
2024-06-08,2024,6,Saturday,129628,2485497.25,5.7
2024-06-09,2024,6,Sunday,104865,2307285.4,7.7
2024-06-10,2024,6,Monday,104464,2127348.42,8.13
2024-06-11,2024,6,Tuesday,118005,2260905.03,5.09
2024-06-12,2024,6,Wednesday,121141,2288548.11,4.45
2024-06-13,2024,6,Thursday,126548,2419081.75,4.11
2024-06-14,2024,6,Friday,121195,2290237.87,4.62
2024-06-15,2024,6,Saturday,113073,2148419.11,3.47
2024-06-16,2024,6,Sunday,102566,2142916.0,6.28
2024-06-17,2024,6,Monday,98868,1916237.5,3.6
2024-06-18,2024,6,Tuesday,120181,2273787.08,4.72
2024-06-19,2024,6,Wednesday,101463,1903274.31,3.94
2024-06-20,2024,6,Thursday,122787,2435148.81,5.14
2024-06-21,2024,6,Friday,116951,2279044.15,4.56
2024-06-22,2024,6,Saturday,115533,2156975.59,3.6
2024-06-23,2024,6,Sunday,100501,2023864.09,6.13
2024-06-24,2024,6,Monday,107969,2269033.04,9.17
2024-06-25,2024,6,Tuesday,124538,2533733.16,5.46
2024-06-26,2024,6,Wednesday,130682,2653710.78,5.4
2024-06-27,2024,6,Thursday,125369,2711579.78,4.97
2024-06-28,2024,6,Friday,109980,2274852.87,4.42
2024-06-29,2024,6,Saturday,107663,2099960.09,3.85
2024-06-30,2024,6,Sunday,89684,1915217.39,5.97
2024-07-01,2024,7,Monday,84251,1748059.46,6.24
2024-07-02,2024,7,Tuesday,86546,1677279.49,6.9
2024-07-03,2024,7,Wednesday,79212,1548082.73,4.61
2024-07-04,2024,7,Thursday,60315,1241498.73,7.24
2024-07-05,2024,7,Friday,72620,1432450.98,5.54
2024-07-06,2024,7,Saturday,73742,1534681.57,4.0
2024-07-07,2024,7,Sunday,74354,1685642.56,9.9
2024-07-08,2024,7,Monday,89846,1896834.62,4.83
2024-07-09,2024,7,Tuesday,108904,2158356.72,3.81
2024-07-10,2024,7,Wednesday,117066,2269461.05,5.85
2024-07-11,2024,7,Thursday,115854,2358165.48,4.05
2024-07-12,2024,7,Friday,99827,1951152.24,7.29
2024-07-13,2024,7,Saturday,98705,1902735.0,4.73
2024-07-14,2024,7,Sunday,94134,1952909.4,8.13
2024-07-15,2024,7,Monday,100407,2083573.04,4.73
2024-07-16,2024,7,Tuesday,125264,2459596.93,4.17
2024-07-17,2024,7,Wednesday,125895,2460673.32,3.13
2024-07-18,2024,7,Thursday,118192,2462132.38,4.81
2024-07-19,2024,7,Friday,103574,2089557.17,6.76
2024-07-20,2024,7,Saturday,103574,2042356.17,5.36
2024-07-21,2024,7,Sunday,90832,1928620.52,4.59
2024-07-22,2024,7,Monday,92609,1888658.54,5.29
2024-07-23,2024,7,Tuesday,107665,2155878.32,4.3
2024-07-24,2024,7,Wednesday,112285,2211802.86,5.82
2024-07-25,2024,7,Thursday,112100,2301562.73,4.16
2024-07-26,2024,7,Friday,97261,1946832.63,8.83
2024-07-27,2024,7,Saturday,94876,1853925.65,4.12
2024-07-28,2024,7,Sunday,87080,1830495.1,5.61
2024-07-29,2024,7,Monday,86552,1756808.57,4.12
2024-07-30,2024,7,Tuesday,101059,1931862.41,4.01
2024-07-31,2024,7,Wednesday,107940,2107102.48,4.01
2024-08-01,2024,8,Thursday,115089,2258899.16,7.03
2024-08-02,2024,8,Friday,104958,2045757.25,4.69
2024-08-03,2024,8,Saturday,110773,2199344.72,5.37
2024-08-04,2024,8,Sunday,85039,1828560.2,9.96
2024-08-05,2024,8,Monday,92546,1907526.07,4.72
2024-08-06,2024,8,Tuesday,116619,2275036.66,3.62
2024-08-07,2024,8,Wednesday,108364,2213527.17,6.07
2024-08-08,2024,8,Thursday,107344,2159975.68,5.72
2024-08-09,2024,8,Friday,90128,1766717.17,3.55
2024-08-10,2024,8,Saturday,93952,1858040.04,7.68
2024-08-11,2024,8,Sunday,79759,1784595.07,5.68
2024-08-12,2024,8,Monday,79241,1642991.13,6.71
2024-08-13,2024,8,Tuesday,90423,1754974.9,3.6
2024-08-14,2024,8,Wednesday,97958,1898457.15,3.4
2024-08-15,2024,8,Thursday,99495,1986176.58,4.52
2024-08-16,2024,8,Friday,92398,1838202.31,5.05
2024-08-17,2024,8,Saturday,91775,1820612.0,5.82
2024-08-18,2024,8,Sunday,81993,1711749.26,7.78
2024-08-19,2024,8,Monday,82738,1838931.42,4.22
2024-08-20,2024,8,Tuesday,91634,1887808.38,5.29
2024-08-21,2024,8,Wednesday,92489,1851583.46,3.85
2024-08-22,2024,8,Thursday,94114,1955258.64,3.7
2024-08-23,2024,8,Friday,89428,1831070.5,3.77
2024-08-24,2024,8,Saturday,88645,1775581.2,3.67
2024-08-25,2024,8,Sunday,82441,1783111.9,5.51
2024-08-26,2024,8,Monday,84205,1773815.32,4.81
2024-08-27,2024,8,Tuesday,92727,1861239.15,6.04
2024-08-28,2024,8,Wednesday,102347,2053007.19,5.24
2024-08-29,2024,8,Thursday,98193,2067947.0,4.86
2024-08-30,2024,8,Friday,91541,1944969.23,6.52
2024-08-31,2024,8,Saturday,87894,1836588.85,6.57
2024-09-01,2024,9,Sunday,87556,1894306.58,6.48
2024-09-02,2024,9,Monday,78930,1859256.56,5.44
2024-09-03,2024,9,Tuesday,101150,2189999.18,5.12
2024-09-04,2024,9,Wednesday,115908,2407700.65,5.07
2024-09-05,2024,9,Thursday,126826,2632245.56,5.11
2024-09-06,2024,9,Friday,124442,2517672.94,4.86
2024-09-07,2024,9,Saturday,122128,2444402.66,5.51
2024-09-08,2024,9,Sunday,110071,2333662.53,6.3
2024-09-09,2024,9,Monday,105598,2208519.07,6.74
2024-09-10,2024,9,Tuesday,118570,2431223.74,5.49
2024-09-11,2024,9,Wednesday,117376,2313625.93,4.1
2024-09-12,2024,9,Thursday,134144,2722258.36,8.08
2024-09-13,2024,9,Friday,124134,2455720.18,6.47
2024-09-14,2024,9,Saturday,130330,2528193.88,5.99
2024-09-15,2024,9,Sunday,110981,2430300.81,10.93
2024-09-16,2024,9,Monday,104717,2174033.34,5.66
2024-09-17,2024,9,Tuesday,124606,2444285.0,8.12
2024-09-18,2024,9,Wednesday,131035,2622854.17,5.68
2024-09-19,2024,9,Thursday,137751,2844679.83,5.43
2024-09-20,2024,9,Friday,130105,2667347.19,5.4
2024-09-21,2024,9,Saturday,134488,2717009.14,6.23
2024-09-22,2024,9,Sunday,114138,2506352.85,4.72
2024-09-23,2024,9,Monday,108629,2356116.0,10.18
2024-09-24,2024,9,Tuesday,112919,2389306.4,4.44
2024-09-25,2024,9,Wednesday,120483,2557985.14,7.23
2024-09-26,2024,9,Thursday,128819,2768320.8,5.01
2024-09-27,2024,9,Friday,120403,2436216.45,5.29
2024-09-28,2024,9,Saturday,139370,2633730.15,5.07
2024-09-29,2024,9,Sunday,116943,2373321.66,4.24
2024-09-30,2024,9,Monday,102722,2151486.47,5.71
2024-10-01,2024,10,Tuesday,116663,2269711.76,3.27
2024-10-02,2024,10,Wednesday,111469,2196359.92,5.19
2024-10-03,2024,10,Thursday,106178,2044901.71,7.15
2024-10-04,2024,10,Friday,108478,2124245.15,6.13
2024-10-05,2024,10,Saturday,119800,2325152.4,3.63
2024-10-06,2024,10,Sunday,99780,2193451.36,5.03
2024-10-07,2024,10,Monday,99726,2156381.92,4.61
2024-10-08,2024,10,Tuesday,118961,2394672.29,4.98
2024-10-09,2024,10,Wednesday,126606,2520829.34,3.96
2024-10-10,2024,10,Thursday,139782,2799927.37,7.35
2024-10-11,2024,10,Friday,123939,2481538.23,5.89
2024-10-12,2024,10,Saturday,127207,2392091.84,3.77
2024-10-13,2024,10,Sunday,107160,2274373.85,5.14
2024-10-14,2024,10,Monday,99439,2076727.55,5.65
2024-10-15,2024,10,Tuesday,125420,2595723.42,8.58
2024-10-16,2024,10,Wednesday,131382,2709489.38,9.65
2024-10-17,2024,10,Thursday,133054,2809045.87,5.41
2024-10-18,2024,10,Friday,128742,2616751.27,7.61
2024-10-19,2024,10,Saturday,132653,2610868.96,4.11
2024-10-20,2024,10,Sunday,114360,2454579.52,5.92
2024-10-21,2024,10,Monday,105194,2265288.81,5.71
2024-10-22,2024,10,Tuesday,118416,2404029.07,4.27
2024-10-23,2024,10,Wednesday,125306,2559472.98,3.51
2024-10-24,2024,10,Thursday,134102,2774024.61,4.97
2024-10-25,2024,10,Friday,131674,2680998.31,4.24
2024-10-26,2024,10,Saturday,145549,2878732.59,4.84
2024-10-27,2024,10,Sunday,117302,2490487.91,3.95
2024-10-28,2024,10,Monday,108165,2287565.62,4.77
2024-10-29,2024,10,Tuesday,124347,2509833.94,3.31
2024-10-30,2024,10,Wednesday,128914,2622677.49,6.01
2024-10-31,2024,10,Thursday,125452,2497115.98,5.48
2024-11-01,2024,11,Friday,133515,2935877.99,6.56
2024-11-02,2024,11,Saturday,135160,2477027.67,3.72
2024-11-03,2024,11,Sunday,119504,2379910.03,5.62
2024-11-04,2024,11,Monday,99826,2047487.98,6.67
2024-11-05,2024,11,Tuesday,96150,1779370.95,6.31
2024-11-06,2024,11,Wednesday,113241,2208200.89,3.69
2024-11-07,2024,11,Thursday,127196,2526028.06,3.31
2024-11-08,2024,11,Friday,126160,2502662.75,4.39
2024-11-09,2024,11,Saturday,132773,2575056.22,5.28
2024-11-10,2024,11,Sunday,111155,2310837.12,5.16
2024-11-11,2024,11,Monday,98162,2104823.37,6.34
2024-11-12,2024,11,Tuesday,124065,2478538.66,5.07
2024-11-13,2024,11,Wednesday,130500,2629970.9,5.54
2024-11-14,2024,11,Thursday,138371,2792263.98,5.79
2024-11-15,2024,11,Friday,134513,2649792.24,7.66
2024-11-16,2024,11,Saturday,146800,2759282.64,5.26
2024-11-17,2024,11,Sunday,120532,2482145.63,8.37
2024-11-18,2024,11,Monday,110196,2241794.0,9.1
2024-11-19,2024,11,Tuesday,122559,2393758.32,5.61
2024-11-20,2024,11,Wednesday,130134,2570654.17,3.22
2024-11-21,2024,11,Thursday,149260,3025329.03,4.18
2024-11-22,2024,11,Friday,145378,2801356.07,4.73
2024-11-23,2024,11,Saturday,131807,2459386.98,4.41
2024-11-24,2024,11,Sunday,105892,2061254.41,10.22
2024-11-25,2024,11,Monday,101742,1955677.49,4.7
2024-11-26,2024,11,Tuesday,111714,2198787.06,5.54
2024-11-27,2024,11,Wednesday,104814,2101324.77,3.94
2024-11-28,2024,11,Thursday,75360,1435046.47,10.12
2024-11-29,2024,11,Friday,83989,1620583.64,4.09
2024-11-30,2024,11,Saturday,99850,2051495.84,6.52
2024-12-01,2024,12,Sunday,93420,2042271.98,4.67
2024-12-02,2024,12,Monday,109584,2378568.19,5.03
2024-12-03,2024,12,Tuesday,126536,2623994.35,3.45
2024-12-04,2024,12,Wednesday,130898,2718612.85,5.22
2024-12-05,2024,12,Thursday,144807,3042754.04,4.69
2024-12-06,2024,12,Friday,143283,2946294.19,6.24
2024-12-07,2024,12,Saturday,142688,2788754.62,4.3
2024-12-08,2024,12,Sunday,115796,2496491.96,3.82
2024-12-09,2024,12,Monday,115472,2451957.58,3.57
2024-12-10,2024,12,Tuesday,135157,2812524.33,3.46
2024-12-11,2024,12,Wednesday,139844,2980356.26,3.65
2024-12-12,2024,12,Thursday,153252,3338731.62,5.05
2024-12-13,2024,12,Friday,154966,3120996.15,4.17
2024-12-14,2024,12,Saturday,156219,3033713.53,4.33
2024-12-15,2024,12,Sunday,123103,2514328.71,7.03
2024-12-16,2024,12,Monday,112941,2290580.09,6.45
2024-12-17,2024,12,Tuesday,128052,2487469.41,7.32
2024-12-18,2024,12,Wednesday,136947,2705110.38,5.31
2024-12-19,2024,12,Thursday,140217,2763426.43,5.88
2024-12-20,2024,12,Friday,134355,2587205.69,6.03
2024-12-21,2024,12,Saturday,128113,2449058.14,5.13
2024-12-22,2024,12,Sunday,102356,2016078.63,8.33
2024-12-23,2024,12,Monday,91481,1845981.95,8.45
2024-12-24,2024,12,Tuesday,77540,1374770.83,6.89
2024-12-25,2024,12,Wednesday,53003,1047529.87,6.34
2024-12-26,2024,12,Thursday,72372,1519012.41,4.67
2024-12-27,2024,12,Friday,82239,1735736.0,4.68
2024-12-28,2024,12,Saturday,85459,1716207.42,5.25
2024-12-29,2024,12,Sunday,77082,1679596.03,5.13
2024-12-30,2024,12,Monday,78837,1674339.1,4.58
2024-12-31,2024,12,Tuesday,83824,1502174.62,7.4
2025-01-01,2025,1,Wednesday,11,218.7,3.99
2025-01-06,2025,1,Monday,1,33.1,7.45
2025-01-16,2025,1,Thursday,1,14.2,1.54
2025-02-09,2025,2,Sunday,1,29.6,4.02
2025-03-02,2025,3,Sunday,1,28.2,2.71
2025-03-23,2025,3,Sunday,1,11.4,2.19
2026-06-26,2026,6,Friday,2,48.0,5.76
