"trip_distance","tip_amount","tipo_taxi","ano"
"1.63","2.06","green","2022"
"3.33","3.23","green","2022"
"0.8","1.0","green","2022"
"2.05","0.8","green","2022"
"1.92","2.26","green","2022"
"4.45","5.34","green","2022"
"2.39","2.06","green","2022"
"4.1","5.06","green","2022"
"1.69","3.46","green","2022"
"1.69","2.2","green","2022"
"1.69","3.46","green","2022"
"4.95","6.69","green","2022"
"3.15","1.95","green","2022"
"2.02","4.22","green","2022"
"1.69","1.96","green","2022"
"3.63","1.0","green","2022"
"1.23","2.31","green","2022"
"6.92","5.97","green","2022"
"1.38","1.82","green","2022"
"2.1","4.0","green","2022"
"1.5","1.75","green","2022"
"0.92","2.7","green","2022"
"0.69","1.1","green","2022"
"2.72","2.46","green","2022"
"1.5","3.02","green","2022"
"6.9","5.45","green","2022"
"2.0","1.16","green","2022"
"2.22","3.2","green","2022"
"0.92","2.11","green","2022"
"2.45","3.61","green","2022"
"0.87","1.36","green","2022"
"3.93","5.89","green","2022"
"1.4","1.75","green","2022"
"3.72","1.43","green","2022"
"2.61","2.76","green","2022"
"2.51","3.55","green","2022"
"2.58","2.5","green","2022"
"5.16","5.2","green","2022"
"3.76","3.06","green","2022"
"4.75","4.46","green","2022"
"1.37","1.82","green","2022"
"1.65","1.0","green","2022"
"10.2","5.56","green","2022"
"1.1","1.76","green","2022"
"1.78","2.16","green","2022"
"1.98","2.82","green","2022"
"3.05","1.5","green","2022"
"2.16","2.95","green","2022"
"1.92","1.0","green","2022"
"1.78","1.86","green","2022"
"2.75","2.0","green","2022"
"2.5","2.35","green","2022"
"1.38","2.19","green","2022"
"2.38","2.36","green","2022"
"1.25","1.56","green","2022"
"8.97","7.82","green","2022"
"1.19","1.46","green","2022"
"3.75","3.91","green","2022"
"3.53","5.0","green","2022"
"1.56","2.26","green","2022"
"8.64","7.07","green","2022"
"2.0","2.71","green","2022"
"2.28","2.81","green","2022"
"1.2","1.65","green","2022"
"4.02","3.96","green","2022"
"2.65","3.91","green","2022"
"4.85","4.81","green","2022"
"4.33","5.39","green","2022"
"0.53","1.06","green","2022"
"2.24","0.02","green","2022"
"0.7","1.15","green","2022"
"2.09","2.32","green","2022"
"12.24","10.91","green","2022"
"2.9","5.26","green","2022"
"1.3","1.66","green","2022"
"2.89","3.21","green","2022"
"1.48","1.96","green","2022"
"0.7","1.25","green","2022"
"5.63","6.39","green","2022"
"3.67","2.93","green","2022"
"1.01","1.1","green","2022"
"3.41","3.76","green","2022"
"1.14","1.7","green","2022"
"8.22","5.16","green","2022"
"1.4","2.2","green","2022"
"3.22","3.01","green","2022"
"3.5","1.0","green","2022"
"2.21","2.0","green","2022"
"1.8","1.0","green","2022"
"2.31","3.2","green","2022"
"1.7","1.86","green","2022"
"4.09","3.36","green","2022"
"1.82","1.26","green","2022"
"6.94","5.41","green","2022"
"1.2","2.0","green","2022"
"4.99","6.16","green","2022"
"1.57","1.76","green","2022"
"2.32","3.51","green","2022"
"0.86","1.91","green","2022"
"4.83","1.0","green","2022"
"1.76","2.0","green","2022"
"1.7","3.0","green","2022"
"1.06","1.66","green","2022"
"1.1","1.06","green","2022"
"4.32","1.0","green","2022"
"8.13","7.64","green","2022"
"7.1","5.35","green","2022"
"2.56","2.82","green","2022"
"2.48","4.36","green","2022"
"2.45","2.66","green","2022"
"1.13","3.16","green","2022"
"2.88","2.56","green","2022"
"6.29","4.26","green","2022"
"3.07","3.54","green","2022"
"2.76","4.0","green","2022"
"3.99","4.32","green","2022"
"1.41","1.7","green","2022"
"1.34","1.95","green","2022"
"1.97","2.51","green","2022"
"0.97","1.76","green","2022"
"2.53","3.55","green","2022"
"2.54","2.56","green","2022"
"1.99","1.96","green","2022"
"2.94","2.0","green","2022"
"3.01","4.01","green","2022"
"2.89","3.51","green","2022"
"2.3","3.0","green","2022"
"1.01","1.46","green","2022"
"2.57","2.3","green","2022"
"2.72","0.08","green","2022"
"1.3","2.89","green","2022"
"1.41","2.2","green","2022"
"0.93","1.56","green","2022"
"1.17","1.56","green","2022"
"4.2","5.45","green","2022"
"7.36","6.0","green","2022"
"2.02","0.01","green","2022"
"3.07","3.88","green","2022"
"1.3","4.0","green","2022"
"9.5","10.22","green","2022"
"0.75","1.74","green","2022"
"1.1","1.5","green","2022"
"1.37","2.41","green","2022"
"1.28","2.32","green","2022"
"1.67","1.66","green","2022"
"2.9","2.93","green","2022"
"1.93","3.08","green","2022"
"5.31","3.0","green","2022"
"1.4","1.75","green","2022"
"1.2","1.1","green","2022"
"0.75","1.0","green","2022"
"1.3","2.08","green","2022"
"1.15","1.86","yellow","2022"
"2.12","2.56","yellow","2022"
"8.65","6.97","yellow","2022"
"2.17","1.5","yellow","2022"
"3.16","3.0","yellow","2022"
"1.27","1.96","yellow","2022"
"1.0","1.4","yellow","2022"
"4.88","7.31","yellow","2022"
"2.72","3.16","yellow","2022"
"1.1","2.0","yellow","2022"
"1.64","1.7","yellow","2022"
"8.58","6.47","yellow","2022"
"1.82","2.66","yellow","2022"
"1.93","3.4","yellow","2022"
"14.3","6.0","yellow","2022"
"0.93","3.09","yellow","2022"
"2.3","3.8","yellow","2022"
"2.1","3.3","yellow","2022"
"10.55","5.3","yellow","2022"
"19.87","12.37","yellow","2022"
"0.95","1.96","yellow","2022"
"18.73","10.0","yellow","2022"
"17.8","9.96","yellow","2022"
"2.0","3.3","yellow","2022"
"17.27","11.96","yellow","2022"
"15.15","4.65","yellow","2022"
"1.5","1.7","yellow","2022"
"7.58","7.86","yellow","2022"
"0.79","1.14","yellow","2022"
"2.0","2.45","yellow","2022"
"1.76","3.54","yellow","2022"
"1.98","2.56","yellow","2022"
"1.49","2.26","yellow","2022"
"0.8","1.55","yellow","2022"
"1.57","5.0","yellow","2022"
"0.98","2.94","yellow","2022"
"5.12","4.14","yellow","2022"
"2.95","3.0","yellow","2022"
"2.42","2.86","yellow","2022"
"1.15","2.06","yellow","2022"
"1.94","1.33","yellow","2022"
"1.6","2.55","yellow","2022"
"2.42","2.6","yellow","2022"
"0.86","1.66","yellow","2022"
"2.8","1.0","yellow","2022"
"1.9","1.48","yellow","2022"
"8.68","5.81","yellow","2022"
"20.3","11.6","yellow","2022"
"2.5","2.85","yellow","2022"
"3.3","2.0","yellow","2022"
"1.59","2.66","yellow","2022"
"2.5","2.07","yellow","2022"
"2.9","3.35","yellow","2022"
"18.6","13.5","yellow","2022"
"5.26","5.47","yellow","2022"
"3.91","4.76","yellow","2022"
"2.23","2.66","yellow","2022"
"1.12","1.0","yellow","2022"
"1.02","1.66","yellow","2022"
"2.17","3.36","yellow","2022"
"1.02","1.75","yellow","2022"
"10.07","8.22","yellow","2022"
"9.98","8.22","yellow","2022"
"7.08","3.8","yellow","2022"
"1.4","1.0","yellow","2022"
"1.5","3.3","yellow","2022"
"3.2","3.0","yellow","2022"
"1.53","1.0","yellow","2022"
"3.7","1.0","yellow","2022"
"0.7","1.75","yellow","2022"
"1.1","2.35","yellow","2022"
"0.8","1.18","yellow","2022"
"2.36","2.36","yellow","2022"
"4.81","3.0","yellow","2022"
"1.96","1.18","yellow","2022"
"1.3","1.0","yellow","2022"
"1.14","1.86","yellow","2022"
"1.19","2.0","yellow","2022"
"2.0","2.95","yellow","2022"
"0.95","1.76","yellow","2022"
"2.52","2.68","yellow","2022"
"0.71","1.66","yellow","2022"
"0.95","1.56","yellow","2022"
"1.32","3.24","yellow","2022"
"1.0","2.45","yellow","2022"
"2.3","3.06","yellow","2022"
"1.1","1.8","yellow","2022"
"1.66","1.7","yellow","2022"
"17.57","11.46","yellow","2022"
"1.86","1.92","yellow","2022"
"1.05","1.32","yellow","2022"
"0.64","1.2","yellow","2022"
"2.6","2.0","yellow","2022"
"0.79","0.88","yellow","2022"
"2.6","2.07","yellow","2022"
"1.72","3.08","yellow","2022"
"1.66","2.86","yellow","2022"
"1.24","2.26","yellow","2022"
"1.2","2.7","yellow","2022"
"0.89","2.2","yellow","2022"
"7.94","6.06","yellow","2022"
"1.48","2.0","yellow","2022"
"1.54","2.36","yellow","2022"
"1.57","2.56","yellow","2022"
"2.76","2.2","yellow","2022"
"2.9","5.0","yellow","2022"
"1.4","2.76","yellow","2022"
"1.7","2.55","yellow","2022"
"0.9","1.2","yellow","2022"
"4.09","5.19","yellow","2022"
"0.65","1.46","yellow","2022"
"1.6","2.56","yellow","2022"
"1.2","2.15","yellow","2022"
"4.22","4.46","yellow","2022"
"1.0","2.2","yellow","2022"
"0.58","1.66","yellow","2022"
"2.15","2.46","yellow","2022"
"18.76","8.0","yellow","2022"
"9.16","10.21","yellow","2022"
"2.55","2.96","yellow","2022"
"0.9","2.16","yellow","2022"
"1.01","1.76","yellow","2022"
"3.04","2.0","yellow","2022"
"2.71","1.63","yellow","2022"
"2.9","3.16","yellow","2022"
"3.0","3.76","yellow","2022"
"1.96","3.08","yellow","2022"
"2.6","1.0","yellow","2022"
"1.03","2.64","yellow","2022"
"10.32","8.87","yellow","2022"
"6.99","2.7","yellow","2022"
"3.97","2.25","yellow","2022"
"2.37","1.28","yellow","2022"
"1.33","2.06","yellow","2022"
"0.8","2.34","yellow","2022"
"1.85","2.56","yellow","2022"
"18.8","11.3","yellow","2022"
"4.6","3.95","yellow","2022"
"0.6","1.56","yellow","2022"
"1.52","1.0","yellow","2022"
"0.6","1.75","yellow","2022"
"1.75","2.95","yellow","2022"
"1.31","2.16","yellow","2022"
"1.2","1.55","yellow","2022"
"1.07","2.26","yellow","2022"
"2.3","2.85","yellow","2022"
"2.9","4.0","yellow","2022"
"1.38","2.46","yellow","2022"
"1.5","2.36","yellow","2022"
"2.07","3.06","yellow","2022"
"1.1","0.88","yellow","2022"
"0.7","1.0","yellow","2022"
"1.91","2.56","yellow","2022"
"3.4","4.05","yellow","2022"
"2.96","2.96","yellow","2022"
"1.2","3.8","yellow","2022"
"1.0","1.5","yellow","2022"
"3.55","2.0","yellow","2022"
"0.71","2.0","yellow","2022"
"2.13","2.26","yellow","2022"
"1.6","2.56","yellow","2022"
"1.1","3.24","yellow","2022"
"1.4","1.3","yellow","2022"
"1.92","1.1","yellow","2022"
"2.0","1.5","yellow","2022"
"0.73","1.76","yellow","2022"
"2.7","2.95","yellow","2022"
"1.7","3.65","yellow","2022"
"1.79","2.0","yellow","2022"
"2.0","2.55","yellow","2022"
"0.53","1.76","yellow","2022"
"1.43","2.26","yellow","2022"
"2.0","2.56","yellow","2022"
"1.26","2.06","yellow","2022"
"1.94","2.76","yellow","2022"
"2.7","2.37","yellow","2022"
"1.89","2.46","yellow","2022"
"0.54","11.04","yellow","2022"
"0.98","1.96","yellow","2022"
"1.48","1.0","yellow","2022"
"10.44","8.64","yellow","2022"
"2.12","2.96","yellow","2022"
"1.33","2.0","yellow","2022"
"3.8","6.55","yellow","2022"
"20.0","12.1","yellow","2022"
"1.35","1.96","yellow","2022"
"0.62","0.88","yellow","2022"
"1.72","1.77","yellow","2022"
"0.6","1.45","yellow","2022"
"4.27","4.06","yellow","2022"
"2.54","2.79","yellow","2022"
"0.86","1.0","yellow","2022"
"5.35","3.96","yellow","2022"
"1.3","2.05","yellow","2022"
"7.63","5.0","yellow","2022"
"0.56","1.0","yellow","2022"
"3.24","2.28","yellow","2022"
"1.27","2.45","yellow","2022"
"1.43","2.36","yellow","2022"
"3.13","3.46","yellow","2022"
"1.94","2.46","yellow","2022"
"6.12","4.46","yellow","2022"
"9.97","6.86","yellow","2022"
"11.97","10.02","yellow","2022"
"3.6","3.55","yellow","2022"
"1.65","2.0","yellow","2022"
"1.3","2.0","yellow","2022"
"2.2","3.95","yellow","2022"
"1.09","1.86","yellow","2022"
"5.78","5.46","yellow","2022"
"1.28","2.26","yellow","2022"
"7.41","6.5","green","2023"
"5.37","7.47","green","2023"
"1.89","3.33","green","2023"
"2.07","3.25","green","2023"
"3.31","4.95","green","2023"
"4.2","1.0","green","2023"
"0.9","2.0","green","2023"
"6.5","3.0","green","2023"
"7.39","0.95","green","2023"
"4.11","3.0","green","2023"
"1.21","2.0","green","2023"
"5.08","2.0","green","2023"
"2.49","3.08","green","2023"
"1.85","1.0","green","2023"
"1.38","3.99","green","2023"
"1.12","2.78","green","2023"
"3.51","10.0","green","2023"
"1.6","2.15","green","2023"
"1.46","2.72","green","2023"
"3.58","4.81","green","2023"
"0.85","1.0","green","2023"
"3.37","4.68","green","2023"
"1.85","1.0","green","2023"
"11.8","11.67","green","2023"
"1.5","1.43","green","2023"
"2.2","3.55","green","2023"
"3.23","2.08","green","2023"
"0.98","2.19","green","2023"
"1.7","2.55","green","2023"
"2.19","1.0","green","2023"
"2.5","1.0","green","2023"
"1.27","2.14","green","2023"
"1.52","2.44","green","2023"
"1.2","1.0","green","2023"
"1.85","2.42","green","2023"
"1.74","3.14","green","2023"
"2.7","4.75","green","2023"
"1.4","3.35","green","2023"
"0.74","1.46","green","2023"
"1.6","2.0","green","2023"
"3.3","2.0","green","2023"
"4.4","5.65","green","2023"
"1.99","3.14","green","2023"
"4.34","6.13","green","2023"
"3.52","4.59","green","2023"
"3.74","4.95","green","2023"
"4.14","8.18","green","2023"
"3.47","7.64","green","2023"
"2.09","2.78","green","2023"
"7.5","11.2","green","2023"
"9.35","8.86","green","2023"
"1.09","2.02","green","2023"
"9.25","2.0","green","2023"
"1.5","2.3","green","2023"
"3.03","5.46","green","2023"
"3.71","5.51","green","2023"
"6.52","4.36","green","2023"
"3.45","3.9","green","2023"
"7.93","3.0","green","2023"
"1.05","2.0","green","2023"
"1.17","2.66","green","2023"
"5.87","7.83","green","2023"
"2.7","4.35","green","2023"
"0.58","1.0","green","2023"
"1.86","1.0","green","2023"
"0.72","2.91","green","2023"
"1.4","1.0","green","2023"
"1.99","2.0","green","2023"
"2.06","4.67","green","2023"
"2.74","4.03","green","2023"
"1.12","2.0","green","2023"
"1.5","3.63","green","2023"
"4.73","5.3","green","2023"
"2.96","4.53","green","2023"
"7.06","5.0","green","2023"
"2.31","5.54","green","2023"
"2.66","4.45","green","2023"
"4.23","5.29","green","2023"
"1.98","2.41","green","2023"
"7.89","1.0","green","2023"
"0.89","2.0","green","2023"
"2.3","4.67","green","2023"
"0.98","3.12","green","2023"
"3.08","6.21","green","2023"
"1.19","1.5","green","2023"
"1.16","2.43","green","2023"
"1.16","2.0","green","2023"
"3.28","2.0","green","2023"
"3.64","5.09","green","2023"
"3.63","4.05","green","2023"
"1.85","2.78","green","2023"
"3.0","2.0","green","2023"
"2.21","3.48","green","2023"
"2.0","0.08","green","2023"
"2.38","3.69","green","2023"
"3.48","6.91","green","2023"
"1.03","1.5","green","2023"
"3.32","5.17","green","2023"
"3.8","6.05","green","2023"
"0.89","1.5","green","2023"
"0.7","1.65","green","2023"
"0.91","2.0","green","2023"
"2.69","4.54","green","2023"
"2.18","3.55","green","2023"
"11.56","10.14","green","2023"
"3.03","4.67","green","2023"
"0.87","5.42","green","2023"
"0.95","2.0","green","2023"
"2.09","4.33","green","2023"
"1.4","2.55","green","2023"
"9.69","7.27","green","2023"
"9.1","10.19","green","2023"
"5.49","8.61","green","2023"
"1.0","1.5","green","2023"
"3.6","3.0","green","2023"
"4.01","7.51","green","2023"
"4.34","1.0","green","2023"
"8.27","6.51","green","2023"
"2.64","5.84","green","2023"
"3.8","5.15","green","2023"
"2.3","2.77","green","2023"
"2.22","4.05","green","2023"
"0.71","1.66","green","2023"
"1.19","2.16","green","2023"
"4.36","5.71","green","2023"
"2.02","3.14","green","2023"
"1.84","2.0","green","2023"
"3.7","1.0","green","2023"
"0.86","2.51","green","2023"
"1.68","1.0","green","2023"
"0.89","0.21","green","2023"
"2.69","4.96","green","2023"
"9.33","4.3","green","2023"
"2.55","4.53","green","2023"
"1.92","2.44","green","2023"
"1.62","2.72","green","2023"
"2.45","4.06","green","2023"
"2.4","4.05","green","2023"
"5.64","8.78","green","2023"
"4.94","4.13","green","2023"
"2.58","3.83","green","2023"
"2.39","5.12","green","2023"
"4.19","3.0","green","2023"
"1.92","2.0","green","2023"
"3.04","5.31","green","2023"
"3.0","1.7","green","2023"
"0.88","2.02","green","2023"
"0.96","2.85","green","2023"
"1.83","1.56","green","2023"
"6.6","7.25","green","2023"
"0.94","2.6","green","2023"
"3.01","5.03","green","2023"
"1.21","1.88","green","2023"
"2.1","3.65","green","2023"
"1.85","2.81","green","2023"
"6.47","7.97","green","2023"
"5.54","5.0","green","2023"
"8.24","9.65","green","2023"
"2.33","4.33","green","2023"
"1.46","1.0","green","2023"
"1.53","3.0","green","2023"
"2.74","5.31","green","2023"
"0.91","1.5","green","2023"
"1.36","5.12","green","2023"
"1.24","3.21","green","2023"
"1.91","3.13","green","2023"
"1.8","4.15","green","2023"
"0.86","2.59","green","2023"
"1.21","1.0","yellow","2023"
"1.0","2.0","yellow","2023"
"1.7","2.0","yellow","2023"
"2.39","3.64","yellow","2023"
"17.45","24.35","yellow","2023"
"4.88","4.83","yellow","2023"
"1.11","2.8","yellow","2023"
"2.76","1.27","yellow","2023"
"8.04","4.09","yellow","2023"
"16.0","27.95","yellow","2023"
"0.92","3.15","yellow","2023"
"4.9","5.0","yellow","2023"
"0.92","3.3","yellow","2023"
"8.32","5.0","yellow","2023"
"0.7","2.8","yellow","2023"
"6.27","6.64","yellow","2023"
"2.51","5.0","yellow","2023"
"1.52","3.36","yellow","2023"
"18.01","20.45","yellow","2023"
"2.8","5.4","yellow","2023"
"1.66","2.24","yellow","2023"
"0.65","1.0","yellow","2023"
"2.67","2.0","yellow","2023"
"2.51","4.34","yellow","2023"
"3.9","5.25","yellow","2023"
"10.62","3.0","yellow","2023"
"1.6","1.3","yellow","2023"
"2.06","3.22","yellow","2023"
"1.5","3.5","yellow","2023"
"2.27","3.5","yellow","2023"
"18.47","17.36","yellow","2023"
"1.0","2.5","yellow","2023"
"2.85","10.0","yellow","2023"
"3.07","4.0","yellow","2023"
"2.9","4.61","yellow","2023"
"0.76","2.16","yellow","2023"
"2.17","3.08","yellow","2023"
"1.4","2.52","yellow","2023"
"0.9","2.2","yellow","2023"
"0.91","2.1","yellow","2023"
"1.95","4.2","yellow","2023"
"0.9","3.3","yellow","2023"
"6.8","7.55","yellow","2023"
"0.98","1.5","yellow","2023"
"1.53","2.94","yellow","2023"
"1.55","2.72","yellow","2023"
"3.72","2.0","yellow","2023"
"2.5","2.5","yellow","2023"
"2.89","4.2","yellow","2023"
"10.06","9.3","yellow","2023"
"0.74","1.96","yellow","2023"
"1.41","2.94","yellow","2023"
"1.06","2.8","yellow","2023"
"0.96","5.0","yellow","2023"
"1.25","2.66","yellow","2023"
"3.46","5.15","yellow","2023"
"2.65","2.04","yellow","2023"
"0.9","2.88","yellow","2023"
"4.44","6.65","yellow","2023"
"0.8","1.0","yellow","2023"
"1.4","4.05","yellow","2023"
"1.2","3.1","yellow","2023"
"5.0","2.0","yellow","2023"
"2.96","4.26","yellow","2023"
"0.99","0.5","yellow","2023"
"16.43","16.17","yellow","2023"
"1.27","3.72","yellow","2023"
"2.9","4.4","yellow","2023"
"0.9","2.35","yellow","2023"
"1.05","2.74","yellow","2023"
"4.12","6.2","yellow","2023"
"0.71","1.44","yellow","2023"
"1.07","3.95","yellow","2023"
"1.49","4.2","yellow","2023"
"3.2","5.3","yellow","2023"
"1.07","2.52","yellow","2023"
"10.44","9.48","yellow","2023"
"1.63","1.5","yellow","2023"
"2.42","5.52","yellow","2023"
"11.29","12.42","yellow","2023"
"10.8","13.29","yellow","2023"
"0.82","2.38","yellow","2023"
"6.35","1.0","yellow","2023"
"2.48","4.42","yellow","2023"
"1.4","2.7","yellow","2023"
"3.76","6.02","yellow","2023"
"1.27","3.0","yellow","2023"
"3.02","3.0","yellow","2023"
"10.1","13.25","yellow","2023"
"1.8","3.5","yellow","2023"
"7.44","8.2","yellow","2023"
"2.46","3.92","yellow","2023"
"1.7","3.15","yellow","2023"
"3.42","4.54","yellow","2023"
"1.53","4.83","yellow","2023"
"7.9","8.54","yellow","2023"
"2.43","1.0","yellow","2023"
"0.94","2.44","yellow","2023"
"4.1","1.0","yellow","2023"
"0.88","2.1","yellow","2023"
"0.9","2.72","yellow","2023"
"0.81","2.24","yellow","2023"
"2.1","1.39","yellow","2023"
"0.8","2.44","yellow","2023"
"6.73","2.0","yellow","2023"
"1.9","3.4","yellow","2023"
"1.8","4.7","yellow","2023"
"2.28","1.0","yellow","2023"
"3.44","4.54","yellow","2023"
"1.94","4.2","yellow","2023"
"0.6","1.8","yellow","2023"
"4.9","4.0","yellow","2023"
"2.4","30.0","yellow","2023"
"3.65","5.0","yellow","2023"
"1.51","2.72","yellow","2023"
"4.07","2.58","yellow","2023"
"0.72","2.88","yellow","2023"
"4.2","5.5","yellow","2023"
"11.9","12.25","yellow","2023"
"6.36","7.2","yellow","2023"
"2.4","4.7","yellow","2023"
"2.91","4.34","yellow","2023"
"1.49","1.61","yellow","2023"
"0.73","1.0","yellow","2023"
"1.2","3.0","yellow","2023"
"2.42","1.0","yellow","2023"
"15.76","16.07","yellow","2023"
"0.76","2.72","yellow","2023"
"2.6","4.05","yellow","2023"
"1.38","4.62","yellow","2023"
"3.46","7.86","yellow","2023"
"2.8","6.6","yellow","2023"
"1.73","3.72","yellow","2023"
"1.91","3.72","yellow","2023"
"1.3","3.75","yellow","2023"
"1.05","3.16","yellow","2023"
"17.0","5.0","yellow","2023"
"1.28","3.5","yellow","2023"
"3.56","3.0","yellow","2023"
"1.34","2.66","yellow","2023"
"1.35","1.43","yellow","2023"
"0.74","2.98","yellow","2023"
"1.32","2.86","yellow","2023"
"3.72","5.46","yellow","2023"
"1.75","3.56","yellow","2023"
"2.4","3.6","yellow","2023"
"6.74","9.2","yellow","2023"
"1.55","2.0","yellow","2023"
"1.5","3.72","yellow","2023"
"5.39","5.46","yellow","2023"
"4.3","5.0","yellow","2023"
"3.4","3.0","yellow","2023"
"1.3","3.0","yellow","2023"
"1.51","1.0","yellow","2023"
"0.63","1.96","yellow","2023"
"2.0","4.45","yellow","2023"
"12.24","14.43","yellow","2023"
"1.31","3.44","yellow","2023"
"2.5","2.82","yellow","2023"
"5.52","5.46","yellow","2023"
"2.21","2.0","yellow","2023"
"1.49","3.58","yellow","2023"
"4.22","4.76","yellow","2023"
"1.15","2.84","yellow","2023"
"0.53","1.82","yellow","2023"
"19.5","19.8","yellow","2023"
"1.1","3.0","yellow","2023"
"1.4","2.66","yellow","2023"
"1.64","3.36","yellow","2023"
"0.69","2.6","yellow","2023"
"4.56","1.0","yellow","2023"
"1.2","2.86","yellow","2023"
"1.62","2.86","yellow","2023"
"1.19","2.66","yellow","2023"
"1.5","1.0","yellow","2023"
"2.09","3.08","yellow","2023"
"1.0","2.98","yellow","2023"
"2.01","3.71","yellow","2023"
"1.29","2.52","yellow","2023"
"2.04","3.42","yellow","2023"
"1.02","2.58","yellow","2023"
"1.33","3.86","yellow","2023"
"1.1","2.7","yellow","2023"
"3.8","6.1","yellow","2023"
"1.97","3.0","yellow","2023"
"8.3","10.18","yellow","2023"
"1.72","2.52","yellow","2023"
"1.71","4.42","yellow","2023"
"1.57","4.1","yellow","2023"
"1.5","3.0","yellow","2023"
"0.93","2.52","yellow","2023"
"0.65","3.08","yellow","2023"
"17.8","16.35","yellow","2023"
"0.7","1.0","yellow","2023"
"4.28","3.0","yellow","2023"
"4.2","5.2","yellow","2023"
"1.2","2.0","yellow","2023"
"15.08","9.31","yellow","2023"
"0.95","2.3","yellow","2023"
"1.63","1.0","yellow","2023"
"1.21","1.0","yellow","2023"
"11.6","20.27","yellow","2023"
"0.9","2.1","yellow","2023"
"2.43","4.12","yellow","2023"
"3.4","4.96","yellow","2023"
"1.0","2.7","yellow","2023"
"0.85","4.28","yellow","2023"
"6.36","5.58","yellow","2023"
"0.86","2.88","yellow","2023"
"1.15","2.52","yellow","2023"
"12.6","15.45","yellow","2023"
"1.93","3.86","yellow","2023"
"1.1","2.66","yellow","2023"
"0.75","2.7","yellow","2023"
"0.8","2.52","yellow","2023"
"4.26","2.2","yellow","2023"
"4.18","7.0","yellow","2023"
"9.33","1.0","yellow","2023"
"2.67","3.26","yellow","2023"
"9.2","5.0","yellow","2023"
"0.97","2.1","yellow","2023"
"1.9","3.6","yellow","2023"
"3.28","4.7","yellow","2023"
"1.62","3.49","green","2024"
"3.53","3.9","green","2024"
"1.93","1.0","green","2024"
"2.52","2.0","green","2024"
"1.04","0.01","green","2024"
"7.8","8.6","green","2024"
"2.07","3.58","green","2024"
"3.41","4.82","green","2024"
"15.85","20.1","green","2024"
"1.21","2.7","green","2024"
"3.17","2.47","green","2024"
"2.91","4.17","green","2024"
"0.8","5.0","green","2024"
"2.84","4.0","green","2024"
"3.1","3.98","green","2024"
"6.76","1.0","green","2024"
"2.15","1.0","green","2024"
"1.84","2.58","green","2024"
"8.81","2.0","green","2024"
"0.71","2.0","green","2024"
"1.28","3.03","green","2024"
"1.77","3.28","green","2024"
"1.0","2.0","green","2024"
"2.28","3.0","green","2024"
"1.74","2.97","green","2024"
"2.65","3.69","green","2024"
"2.48","5.09","green","2024"
"0.61","1.46","green","2024"
"1.93","2.86","green","2024"
"3.7","4.1","green","2024"
"1.32","2.8","green","2024"
"2.67","3.92","green","2024"
"2.04","3.22","green","2024"
"2.11","3.69","green","2024"
"2.0","2.3","green","2024"
"1.71","1.18","green","2024"
"10.81","7.43","green","2024"
"0.88","2.08","green","2024"
"4.48","5.58","green","2024"
"0.8","1.74","green","2024"
"4.41","5.24","green","2024"
"1.1","1.85","green","2024"
"2.17","5.74","green","2024"
"0.69","2.1","green","2024"
"1.0","2.24","green","2024"
"1.8","1.56","green","2024"
"3.17","4.11","green","2024"
"6.21","2.23","green","2024"
"1.63","2.44","green","2024"
"1.8","2.58","green","2024"
"2.15","2.86","green","2024"
"2.27","4.76","green","2024"
"2.31","2.5","green","2024"
"2.04","3.0","green","2024"
"1.9","2.7","green","2024"
"1.34","2.3","green","2024"
"0.89","1.62","green","2024"
"5.64","5.93","green","2024"
"2.04","2.5","green","2024"
"1.06","2.3","green","2024"
"0.52","2.08","green","2024"
"1.36","2.3","green","2024"
"1.1","2.58","green","2024"
"2.1","3.13","green","2024"
"1.69","3.42","green","2024"
"0.73","2.79","green","2024"
"2.2","3.6","green","2024"
"4.6","0.01","green","2024"
"2.97","3.89","green","2024"
"0.9","2.57","green","2024"
"3.58","7.1","green","2024"
"1.06","1.0","green","2024"
"4.37","4.82","green","2024"
"1.95","3.7","green","2024"
"2.24","2.0","green","2024"
"1.65","3.98","green","2024"
"4.21","5.32","green","2024"
"1.9","3.9","green","2024"
"1.0","1.85","green","2024"
"0.86","1.0","green","2024"
"0.93","2.16","green","2024"
"1.4","2.0","green","2024"
"1.9","3.83","green","2024"
"1.33","2.58","green","2024"
"0.94","2.02","green","2024"
"6.49","5.52","green","2024"
"2.6","3.7","green","2024"
"1.5","3.63","green","2024"
"1.21","2.8","green","2024"
"1.87","2.5","green","2024"
"0.84","1.74","green","2024"
"1.3","2.57","green","2024"
"0.68","1.8","green","2024"
"1.5","1.0","green","2024"
"1.33","1.5","green","2024"
"2.6","3.5","green","2024"
"5.27","6.1","green","2024"
"3.03","3.56","green","2024"
"1.14","1.0","green","2024"
"1.15","2.24","green","2024"
"1.6","3.85","green","2024"
"1.43","2.0","green","2024"
"1.19","3.74","green","2024"
"4.7","10.0","green","2024"
"2.8","3.7","green","2024"
"1.41","3.32","green","2024"
"0.53","2.1","green","2024"
"1.2","2.7","green","2024"
"18.12","14.32","green","2024"
"1.8","12.0","green","2024"
"1.85","2.0","green","2024"
"1.9","2.0","green","2024"
"2.48","3.83","green","2024"
"3.41","4.42","green","2024"
"0.82","1.94","green","2024"
"1.33","2.16","green","2024"
"2.34","1.0","green","2024"
"2.0","3.75","green","2024"
"1.27","1.5","green","2024"
"2.41","4.2","green","2024"
"8.13","9.15","green","2024"
"6.87","10.76","green","2024"
"2.23","3.48","green","2024"
"16.59","15.69","green","2024"
"2.05","3.0","green","2024"
"1.73","2.72","green","2024"
"3.08","1.0","green","2024"
"0.64","1.0","green","2024"
"1.12","2.35","green","2024"
"2.28","4.19","green","2024"
"1.05","2.57","green","2024"
"1.35","1.0","green","2024"
"1.04","2.22","green","2024"
"3.82","3.65","green","2024"
"3.15","5.37","green","2024"
"1.08","3.33","green","2024"
"1.99","1.0","green","2024"
"1.56","2.5","green","2024"
"3.67","5.45","green","2024"
"0.86","2.08","green","2024"
"2.83","3.97","green","2024"
"3.83","5.12","green","2024"
"1.37","2.16","green","2024"
"3.82","6.22","green","2024"
"1.66","2.86","green","2024"
"2.52","3.31","green","2024"
"1.32","1.56","green","2024"
"1.3","1.72","green","2024"
"2.34","3.5","green","2024"
"2.0","2.0","green","2024"
"1.77","3.0","green","2024"
"1.51","1.75","green","2024"
"1.63","2.7","green","2024"
"1.09","2.64","green","2024"
"7.44","2.45","green","2024"
"3.3","4.62","green","2024"
"1.57","3.75","green","2024"
"3.55","4.53","green","2024"
"4.08","4.0","green","2024"
"1.91","2.72","green","2024"
"2.61","4.92","green","2024"
"7.53","9.13","green","2024"
"5.35","5.58","green","2024"
"1.47","1.01","green","2024"
"1.06","3.25","green","2024"
"2.22","2.5","green","2024"
"7.39","9.15","green","2024"
"1.49","3.54","green","2024"
"4.96","6.22","green","2024"
"1.05","2.0","green","2024"
"3.76","5.0","green","2024"
"2.3","3.8","green","2024"
"0.75","2.25","green","2024"
"6.45","1.0","green","2024"
"1.77","8.0","green","2024"
"2.7","2.77","green","2024"
"2.69","3.28","green","2024"
"1.97","4.17","green","2024"
"2.31","4.4","yellow","2024"
"4.46","6.66","yellow","2024"
"2.2","4.9","yellow","2024"
"2.28","3.5","yellow","2024"
"2.21","3.4","yellow","2024"
"0.82","2.58","yellow","2024"
"4.9","11.5","yellow","2024"
"8.4","10.36","yellow","2024"
"3.65","4.54","yellow","2024"
"3.57","5.0","yellow","2024"
"2.1","1.0","yellow","2024"
"2.57","3.92","yellow","2024"
"3.36","4.9","yellow","2024"
"4.21","5.18","yellow","2024"
"0.94","2.38","yellow","2024"
"17.91","15.69","yellow","2024"
"1.85","3.4","yellow","2024"
"1.1","2.55","yellow","2024"
"1.58","6.4","yellow","2024"
"1.1","2.5","yellow","2024"
"4.0","5.38","yellow","2024"
"8.0","8.0","yellow","2024"
"1.92","4.12","yellow","2024"
"1.87","3.0","yellow","2024"
"1.71","3.92","yellow","2024"
"0.85","2.0","yellow","2024"
"8.27","9.17","yellow","2024"
"2.15","3.7","yellow","2024"
"2.8","2.0","yellow","2024"
"1.87","2.0","yellow","2024"
"1.62","3.0","yellow","2024"
"3.4","7.14","yellow","2024"
"2.13","3.36","yellow","2024"
"3.81","4.9","yellow","2024"
"1.93","5.6","yellow","2024"
"1.81","3.15","yellow","2024"
"2.41","4.12","yellow","2024"
"9.6","11.92","yellow","2024"
"1.54","3.22","yellow","2024"
"4.04","8.82","yellow","2024"
"10.15","12.47","yellow","2024"
"4.22","3.0","yellow","2024"
"6.4","9.65","yellow","2024"
"1.99","1.11","yellow","2024"
"3.48","7.65","yellow","2024"
"2.4","4.75","yellow","2024"
"2.53","6.47","yellow","2024"
"2.94","4.12","yellow","2024"
"1.34","3.4","yellow","2024"
"2.3","4.25","yellow","2024"
"0.82","2.52","yellow","2024"
"1.57","3.68","yellow","2024"
"1.91","3.64","yellow","2024"
"0.7","3.68","yellow","2024"
"1.4","2.7","yellow","2024"
"1.68","3.0","yellow","2024"
"1.69","3.0","yellow","2024"
"1.27","3.22","yellow","2024"
"0.51","2.16","yellow","2024"
"1.31","3.42","yellow","2024"
"4.46","5.74","yellow","2024"
"0.86","2.58","yellow","2024"
"2.5","4.44","yellow","2024"
"1.05","3.58","yellow","2024"
"2.02","4.28","yellow","2024"
"1.87","3.92","yellow","2024"
"0.74","2.24","yellow","2024"
"1.51","3.0","yellow","2024"
"2.87","4.98","yellow","2024"
"1.13","2.58","yellow","2024"
"18.0","10.0","yellow","2024"
"0.7","3.67","yellow","2024"
"0.84","2.16","yellow","2024"
"0.6","3.15","yellow","2024"
"0.9","3.0","yellow","2024"
"5.25","6.38","yellow","2024"
"0.85","2.74","yellow","2024"
"0.93","3.15","yellow","2024"
"2.6","4.48","yellow","2024"
"5.23","4.52","yellow","2024"
"0.67","1.5","yellow","2024"
"1.99","4.1","yellow","2024"
"1.2","4.0","yellow","2024"
"1.42","4.0","yellow","2024"
"1.84","3.21","yellow","2024"
"1.49","3.72","yellow","2024"
"0.82","2.6","yellow","2024"
"1.54","3.3","yellow","2024"
"0.66","2.1","yellow","2024"
"18.3","16.19","yellow","2024"
"2.84","5.32","yellow","2024"
"1.91","4.03","yellow","2024"
"8.18","9.73","yellow","2024"
"0.9","2.6","yellow","2024"
"3.01","1.16","yellow","2024"
"3.48","6.92","yellow","2024"
"2.74","2.0","yellow","2024"
"2.99","6.16","yellow","2024"
"3.61","5.74","yellow","2024"
"0.84","2.0","yellow","2024"
"2.67","4.4","yellow","2024"
"1.14","2.0","yellow","2024"
"3.1","1.0","yellow","2024"
"2.4","4.28","yellow","2024"
"3.8","4.0","yellow","2024"
"3.1","3.9","yellow","2024"
"1.99","4.06","yellow","2024"
"0.93","3.66","yellow","2024"
"18.09","16.54","yellow","2024"
"9.4","10.0","yellow","2024"
"0.82","2.1","yellow","2024"
"0.6","2.4","yellow","2024"
"1.9","3.05","yellow","2024"
"3.71","4.71","yellow","2024"
"2.26","5.82","yellow","2024"
"2.59","2.0","yellow","2024"
"1.44","2.94","yellow","2024"
"1.02","2.66","yellow","2024"
"10.34","7.0","yellow","2024"
"0.78","2.74","yellow","2024"
"1.7","1.0","yellow","2024"
"2.2","3.5","yellow","2024"
"11.78","5.0","yellow","2024"
"4.2","4.95","yellow","2024"
"2.46","2.5","yellow","2024"
"1.2","3.05","yellow","2024"
"8.0","5.0","yellow","2024"
"0.8","2.45","yellow","2024"
"1.9","6.4","yellow","2024"
"8.71","10.44","yellow","2024"
"11.18","16.65","yellow","2024"
"2.31","3.74","yellow","2024"
"1.95","1.68","yellow","2024"
"1.18","2.0","yellow","2024"
"0.66","2.24","yellow","2024"
"0.74","2.2","yellow","2024"
"1.89","4.06","yellow","2024"
"2.55","6.3","yellow","2024"
"0.86","3.16","yellow","2024"
"1.2","3.15","yellow","2024"
"2.25","6.22","yellow","2024"
"3.26","6.58","yellow","2024"
"2.27","3.0","yellow","2024"
"0.63","2.86","yellow","2024"
"2.12","4.0","yellow","2024"
"0.9","1.89","yellow","2024"
"2.15","2.0","yellow","2024"
"1.36","3.0","yellow","2024"
"9.3","12.47","yellow","2024"
"0.7","2.6","yellow","2024"
"1.12","2.58","yellow","2024"
"1.08","3.0","yellow","2024"
"3.74","4.68","yellow","2024"
"0.76","2.38","yellow","2024"
"2.6","4.26","yellow","2024"
"3.18","7.0","yellow","2024"
"2.72","4.26","yellow","2024"
"1.35","2.66","yellow","2024"
"1.88","2.0","yellow","2024"
"1.62","3.64","yellow","2024"
"0.9","2.9","yellow","2024"
"9.14","10.37","yellow","2024"
"2.61","3.64","yellow","2024"
"1.64","4.42","yellow","2024"
"1.11","2.0","yellow","2024"
"1.7","3.5","yellow","2024"
"0.96","3.02","yellow","2024"
"1.7","3.55","yellow","2024"
"1.8","3.36","yellow","2024"
"9.44","11.57","yellow","2024"
"1.67","2.5","yellow","2024"
"1.4","3.3","yellow","2024"
"10.21","12.18","yellow","2024"
"1.66","3.36","yellow","2024"
"1.68","2.0","yellow","2024"
"10.96","10.63","yellow","2024"
"1.39","2.0","yellow","2024"
"2.1","4.05","yellow","2024"
"20.33","16.22","yellow","2024"
"2.13","3.7","yellow","2024"
"2.0","3.25","yellow","2024"
"2.1","4.14","yellow","2024"
"2.17","4.56","yellow","2024"
"2.4","3.35","yellow","2024"
"2.6","5.05","yellow","2024"
"1.0","4.1","yellow","2024"
"1.8","3.35","yellow","2024"
"0.8","4.0","yellow","2024"
"0.75","2.5","yellow","2024"
"1.4","2.0","yellow","2024"
"2.91","5.04","yellow","2024"
"2.4","3.5","yellow","2024"
"1.27","2.72","yellow","2024"
"0.8","2.52","yellow","2024"
"1.5","3.85","yellow","2024"
"0.6","2.0","yellow","2024"
"3.74","3.26","yellow","2024"
"0.99","1.37","yellow","2024"
"0.7","2.1","yellow","2024"
"1.35","2.5","yellow","2024"
"1.65","3.22","yellow","2024"
"1.69","4.42","yellow","2024"
"0.9","2.45","yellow","2024"
"1.2","4.0","yellow","2024"
"2.95","1.05","yellow","2024"
"0.64","4.74","yellow","2024"
"1.2","3.1","yellow","2024"
"6.43","5.73","yellow","2024"
"3.27","4.2","yellow","2024"
"2.8","1.92","yellow","2024"
"1.6","3.75","yellow","2024"
"3.7","5.8","yellow","2024"
"1.42","2.52","yellow","2024"
"1.4","3.05","yellow","2024"
"1.75","3.78","yellow","2024"
"2.68","4.12","yellow","2024"
"1.01","2.73","yellow","2024"
"1.1","2.0","yellow","2024"
"3.0","5.3","yellow","2024"
"1.12","3.08","yellow","2024"
"1.23","1.0","yellow","2024"
"19.09","14.8","yellow","2024"
"3.67","6.16","yellow","2024"
"5.94","6.44","yellow","2024"
"9.19","11.78","yellow","2024"
"1.08","1.5","yellow","2024"
"0.79","3.16","yellow","2024"
"1.57","4.0","yellow","2024"
"5.14","1.0","yellow","2024"
"1.12","2.72","yellow","2024"
